Date,overall,sociability,health,happiness,energy,positivity,moment,uniqueness,excitement,productivity,integrity,purpose,bottles drank,times peed,time slept,time awaked,total sleep time,effectiveness (Am I SPENDING the RIGHT TIME),Sleep Min,Sleep Hr,Awake Hr,% of planned output,Calories Burned,Steps,Distance,Floors,Minutes Sedentary,Minutes Lightly Active,Minutes Fairly Active,Minutes Very Active,Activity Calories,Time slept,Time woken,Minutes Asleep,Minutes Awake,Number of Awakenings,Time in Bed,Minutes REM Sleep,Minutes Light Sleep,Minutes Deep Sleep,scrobbles
2022-01-01,8.8,,9.0,8.8,,,,,,,,,4.0,,6.3,12.8,6.5,7.0,15.0,6.0,12.0,,"3,737","10,658",8.37,1,678,251,72,39,"2,057",6:10AM,12:51PM,346.0,54.0,26.0,400.0,66.0,234.0,46.0,36.0
2022-01-02,7.9,,8.3,7.5,,,,,,,,,4.4,,2.7,9.7,7.0,7.0,42.0,2.0,9.0,,"3,429","9,028",7.08,9,716,208,48,53,"1,827",2:42AM,9:37AM,385.0,30.0,1.0,415.0,,,,36.0
2022-01-03,7.9,,7.7,8.0,6.5,,,,,,,,3.2,,4.7,10.2,5.5,7.5,40.0,4.0,10.0,,"2,662","7,934",6.23,0,"1,306",58,19,57,911,,,,,,,,,,79.0
2022-01-04,8.6,,8.5,8.5,8.4,,,,,8.3,,,5.2,,5.3,10.4,5.1,8.8,20.0,5.0,10.0,,"2,212",593,0.47,0,"1,058",69,0,0,338,5:07AM,10:21AM,264.0,49.0,10.0,313.0,63.0,149.0,52.0,160.0
2022-01-05,7.4,,7.3,8.0,7.0,,,,,,,,3.6,,5.3,11.5,6.2,7.0,20.0,5.0,11.0,,"2,860","3,886",3.05,1,863,211,0,0,"1,043",5:21AM,11:27AM,340.0,26.0,1.0,366.0,,,,58.0
2022-01-06,7.8,,7.6,8.0,8.5,,,,,,,,3.4,,6.9,13.7,6.8,7.5,55.0,6.0,13.0,,"2,994","6,128",4.81,1,805,193,28,7,"1,163",6:56AM,1:43PM,369.0,38.0,24.0,407.0,90.0,191.0,88.0,98.0
2022-01-07,8.7,8.2,9.0,8.8,8.8,,,,,,,,4.0,,7.2,13.3,6.1,7.0,10.0,7.0,13.0,,"2,737","5,170",4.06,0,888,194,3,5,952,7:13AM,1:03PM,339.0,11.0,0.0,350.0,,,,58.0
2022-01-08,8.4,8.7,8.4,8.0,8.3,,,,,,,,4.6,,7.8,13.2,5.4,,48.0,7.0,13.0,,"4,170","19,808",14.63,0,670,267,127,50,"2,655",7:48AM,1:15PM,316.0,8.0,1.0,326.0,,,,54.0
2022-01-09,8.9,7.8,9.0,9.0,8.6,,,,,,,,4.0,,7.3,11.4,4.1,,15.0,7.0,11.0,,"4,022","19,310",15.15,7,760,240,146,50,"2,615",7:18AM,11:23AM,236.0,8.0,1.0,244.0,,,,88.0
2022-01-10,8.8,,8.0,8.8,,,,,,,,,2.6,,7.3,15.3,8.0,8.8,15.0,7.0,15.0,,"3,194","6,449",5.06,1,713,199,44,13,"1,400",7:50AM,3:41PM,434.0,37.0,29.0,471.0,65.0,305.0,64.0,71.0
2022-01-11,9.1,8.7,8.9,9.2,9.5,,,,,,,,,,8.0,16.0,8.0,,1.0,8.0,16.0,,"3,604","8,323",6.45,1,592,274,71,16,"2,002",7:15AM,3:22PM,424.0,63.0,32.0,487.0,96.0,286.0,42.0,81.0
2022-01-12,7.7,7.0,7.6,7.2,8.6,,,,,9.5,,,3.0,,1.5,4.3,2.8,8.3,30.0,1.0,4.0,,"1,904",0,0.0,0,"1,440",0,0,0,0,,,,,,,,,,47.0
2022-01-13,7.9,,7.5,7.0,8.8,,,,,10.0,,,3.2,,,,,8.8,,,,,"2,699","5,938",4.63,0,"1,277",130,18,15,917,,,,,,,,,,113.0
2022-01-14,,,,,,,,,,,,,,,,,,,,,,,"4,021","2,611",1.96,5,702,186,221,16,"2,489",1:46PM,7:01PM,294.0,21.0,3.0,315.0,,,,64.0
2022-01-15,,,,,,,,,,,,,,,,,,,,,,,"4,496","4,857",3.68,9,907,273,102,87,"2,897",7:41AM,8:52AM,70.0,1.0,0.0,71.0,,,,7.0
2022-01-16,8.4,7.0,7.8,8.6,8.0,,,,,,,,2.0,,0.5,6.5,6.0,,30.0,0.0,6.0,,"5,034","14,388",11.24,1,262,434,184,59,"3,944",10:53PM,7:14AM,467.0,34.0,21.0,501.0,147.0,250.0,70.0,32.0
2022-01-17,7.8,6.9,7.3,7.4,8.3,,,,,8.0,,,,,0.5,5.8,5.3,7.4,30.0,0.0,5.0,,"4,109","13,491",10.59,39,680,225,89,81,"2,516",12:26AM,6:31AM,345.0,19.0,1.0,365.0,,,,90.0
2022-01-18,8.8,8.7,8.0,9.0,7.2,,,,,,,,,,0.2,7.5,7.3,,10.0,0.0,7.0,,"3,400","10,336",8.07,5,788,326,8,8,"1,726",12:32AM,5:42AM,283.0,27.0,16.0,310.0,48.0,179.0,56.0,52.0
2022-01-19,8.7,9.0,8.6,8.5,8.7,,,,,8.0,,,,,0.5,7.0,6.5,8.5,31.0,0.0,7.0,90.0,"3,430","9,121",7.16,8,669,279,43,15,"1,839",12:23AM,7:37AM,376.0,58.0,20.0,434.0,93.0,183.0,100.0,63.0
2022-01-20,,,,,,,,,,,,,,,,,,,,,,,"3,736","10,915",8.56,7,674,310,53,23,"2,148",12:38AM,6:59AM,352.0,28.0,15.0,380.0,74.0,210.0,68.0,31.0
2022-01-21,,,,,,,,,,,,,,,1.0,8.2,7.2,,1.0,1.0,8.0,,"5,610","22,016",17.23,12,521,339,203,149,"4,487",1:54AM,5:43AM,220.0,8.0,1.0,228.0,,,,61.0
2022-01-22,8.0,8.0,8.7,8.1,8.5,,,,,7.9,,,,,1.1,7.0,5.9,7.7,7.0,1.0,7.0,,"3,121","6,463",4.97,3,742,208,24,16,"1,364",12:40AM,8:10AM,399.0,51.0,20.0,450.0,98.0,250.0,51.0,38.0
2022-01-23,,,,,,,,,,,,,,,0.0,5.8,5.8,,1.0,0.0,5.0,,"3,545","13,500",10.49,9,723,304,19,47,"1,931",1:11AM,6:58AM,312.0,35.0,11.0,347.0,75.0,182.0,55.0,73.0
2022-01-24,9.4,9.5,9.1,9.4,9.2,,,,,7.7,,,,,,,,8.6,,,,90.0,"4,002","16,071",12.59,16,704,270,57,73,"2,426",12:07AM,5:44AM,302.0,34.0,13.0,336.0,57.0,208.0,37.0,36.0
2022-01-25,8.4,9.0,8.2,8.5,8.0,,,,,7.8,,,,,3.0,8.0,5.0,7.0,1.0,3.0,8.0,,"3,687","13,234",10.38,13,707,281,42,29,"2,027",1:55AM,8:16AM,349.0,32.0,16.0,381.0,100.0,175.0,74.0,75.0
2022-01-26,8.6,9.0,9.3,9.0,7.9,,,,,8.7,,,,,1.7,7.5,5.8,8.0,40.0,1.0,7.0,,"3,870","14,409",11.31,20,761,260,71,52,"2,299",3:05AM,8:01AM,268.0,28.0,11.0,296.0,65.0,142.0,61.0,106.0
2022-01-27,8.6,9.0,8.2,9.0,8.0,,,,,7.8,,,,,,,,8.4,,,,,"1,925",241,0.19,0,"1,435",5,0,0,26,,,,,,,,,,137.0
2022-01-28,9.0,9.0,8.7,9.0,9.0,,,,,9.0,,,,,2.7,11.3,8.6,9.0,40.0,2.0,11.0,100.0,"3,675","12,126",9.5,19,"1,121",211,71,37,"1,959",,,,,,,,,,138.0
2022-01-29,7.9,8.0,8.6,8.0,8.8,,,,,7.5,,,,,1.7,7.0,5.3,,40.0,1.0,7.0,,"4,485","14,406",11.18,5,427,276,149,72,"3,097",2:39AM,11:16AM,465.0,51.0,18.0,516.0,101.0,294.0,70.0,84.0
2022-01-30,8.0,8.8,8.1,8.2,9.3,,,,,8.7,,,,,0.6,6.0,5.4,6.0,35.0,0.0,6.0,,"3,836","11,488",8.75,9,673,295,59,50,"2,254",1:51AM,7:54AM,321.0,42.0,21.0,363.0,92.0,229.0,0.0,
2022-01-31,8.0,8.3,8.0,8.0,9.2,,,,,8.0,,,,,1.7,8.0,6.3,8.7,40.0,1.0,8.0,,"4,174","15,539",11.87,18,698,329,78,59,"2,686",12:55AM,5:31AM,256.0,20.0,2.0,276.0,,,,39.0
2022-02-01,,,,,,,,,,,,,,,0.3,5.8,5.5,,15.0,0.0,5.0,,"3,357","11,380",8.89,16,733,249,42,24,"1,730",1:27AM,7:59AM,350.0,42.0,17.0,392.0,108.0,215.0,27.0,83.0
2022-02-02,8.1,8.1,7.0,8.7,7.3,,,,,,,,,,0.7,6.7,6.0,,40.0,0.0,6.0,,"4,640","20,903",16.2,26,586,277,118,118,"3,277",12:05AM,5:46AM,302.0,39.0,19.0,341.0,41.0,227.0,34.0,82.0
2022-02-03,9.1,8.2,8.8,9.4,8.9,,,,,,,,,,1.0,7.0,6.0,,1.0,1.0,7.0,,"4,299","21,671",17.0,31,662,312,53,96,"2,864",12:52AM,6:09AM,294.0,23.0,17.0,317.0,64.0,154.0,76.0,40.0
2022-02-04,8.9,9.0,9.0,9.2,9.0,,,,,,,,,,,,,,,,,,"3,901","16,511",12.96,35,644,387,37,15,"2,395",12:59AM,6:56AM,325.0,32.0,11.0,357.0,77.0,155.0,93.0,61.0
2022-02-05,9.5,9.5,8.8,9.6,9.0,,,,,6.0,,,,,5.1,11.8,6.7,7.0,5.0,5.0,11.0,,"4,010","22,023",17.29,11,537,204,45,151,"2,566",2:24AM,10:47AM,454.0,49.0,24.0,503.0,112.0,283.0,59.0,82.0
2022-02-06,8.0,8.5,7.9,,7.3,,,,,8.6,,,,,,,,7.0,,,,,"2,928","8,064",6.33,10,791,265,0,0,"1,284",5:09AM,11:33AM,347.0,37.0,14.0,384.0,68.0,215.0,64.0,63.0
2022-02-07,7.7,7.8,7.6,7.8,8.3,,,,,7.0,,,,,,,,7.0,,,,,"3,656","13,664",10.64,24,765,391,35,10,"2,192",3:33AM,7:33AM,212.0,27.0,11.0,239.0,41.0,131.0,40.0,127.0
2022-02-08,8.2,8.5,7.9,8.0,8.0,,,,,9.1,,,,,,,,8.0,,,,,"2,835","8,331",6.48,19,874,225,4,5,"1,138",1:10AM,6:42AM,285.0,47.0,11.0,332.0,60.0,192.0,33.0,129.0
2022-02-09,9.1,9.0,8.8,9.3,8.8,,,,,9.0,,,,,1.9,,,7.9,55.0,1.0,,,"2,551","6,328",4.97,8,996,139,11,9,802,2:14AM,6:59AM,251.0,34.0,9.0,285.0,41.0,173.0,37.0,81.0
2022-02-10,,9.5,9.0,8.3,9.0,,,,,8.0,,,,,1.4,6.8,5.4,,25.0,1.0,6.0,,"1,904",0,0.0,0,"1,440",0,0,0,0,,,,,,,,,,159.0
2022-02-11,,,,,,,,,,,,,,,3.3,10.8,7.5,,15.0,3.0,10.0,,"3,362","12,922",10.08,22,816,248,43,25,"1,769",1:38AM,6:47AM,284.0,24.0,14.0,308.0,59.0,151.0,74.0,132.0
2022-02-12,9.0,9.6,8.8,9.1,8.4,,,,,,,,,,4.7,12.3,7.6,,40.0,4.0,12.0,,"3,883","22,000",17.27,15,630,186,61,120,"2,392",3:19AM,10:43AM,400.0,43.0,16.0,443.0,102.0,226.0,72.0,119.0
2022-02-13,7.0,7.9,7.0,7.9,7.5,,,,,6.0,,,,,0.8,5.0,4.2,6.0,50.0,0.0,5.0,,"2,810","7,792",6.11,12,"1,251",161,7,21,"1,059",,,,,,,,,,56.0
2022-02-14,9.3,9.5,9.0,9.3,9.0,,,,,,,,,,1.2,6.7,5.5,,10.0,1.0,6.0,,"3,449","12,861",10.01,17,808,361,29,8,"1,931",1:04AM,4:58AM,207.0,27.0,9.0,234.0,46.0,142.0,19.0,41.0
2022-02-15,9.5,9.2,9.1,9.5,8.0,,,,,,,,,,1.2,7.2,6.0,,10.0,1.0,7.0,,"4,777","28,674",22.45,32,613,267,53,185,"3,481",1:15AM,6:37AM,276.0,46.0,16.0,322.0,67.0,203.0,6.0,100.0
2022-02-16,8.2,9.0,8.5,8.0,6.0,,,,,,,,,,0.8,8.3,7.5,,50.0,0.0,8.0,,"3,528","13,392",10.49,20,731,298,45,15,"1,933",1:23AM,7:14AM,323.0,28.0,1.0,351.0,,,,76.0
2022-02-17,9.0,9.0,8.8,9.2,9.0,,,,,,,,,,0.4,5.8,5.4,,25.0,0.0,5.0,,"3,766","15,777",12.38,15,654,190,85,77,"2,220",1:07AM,8:21AM,378.0,56.0,22.0,434.0,68.0,264.0,46.0,78.0
2022-02-18,9.5,9.1,9.0,9.7,9.2,9.0,,,,,,,,,3.9,,,,55.0,3.0,,,"4,186","16,706",13.1,31,660,319,70,72,"2,769",12:26AM,5:46AM,282.0,37.0,18.0,319.0,75.0,180.0,27.0,105.0
2022-02-19,9.2,9.6,8.0,9.1,9.5,9.4,,,,,,,,,,,,,,,,,"3,923","16,895",13.17,11,647,308,47,81,"2,506",3:57AM,9:55AM,312.0,21.0,2.0,357.0,,,,50.0
2022-02-20,8.8,8.0,7.5,8.8,7.0,8.6,,,,,,,,,,,,,,,,,"4,394","22,843",17.92,25,817,500,80,43,"3,201",,,,,,,,,,89.0
2022-02-21,9.6,8.5,,9.7,9.3,,,,,,,,,,,,,,,,,,"3,960","20,558",16.14,32,385,191,91,108,"2,508",1:03AM,12:09PM,605.0,60.0,30.0,665.0,154.0,334.0,117.0,34.0
2022-02-22,9.7,8.5,,9.8,8.0,,,,,,,,,,,,,,,,,,"4,129","22,132",17.25,30,721,266,95,59,"2,558",2:01AM,7:00AM,292.0,7.0,0.0,299.0,,,,26.0
2022-02-23,7.9,8.0,8.6,8.2,7.6,8.8,,,,7.0,,,,,3.8,9.5,5.7,6.0,45.0,3.0,9.0,,"2,872","7,067",5.55,5,"1,074",252,0,0,"1,162",2:43AM,4:37AM,105.0,9.0,1.0,114.0,,,,89.0
2022-02-24,,7.2,7.0,7.6,7.9,7.0,,,,,,,,,2.3,,,,20.0,2.0,,,"4,573","25,398",19.92,17,572,324,48,148,"3,268",3:45AM,9:33AM,337.0,11.0,1.0,348.0,,,,83.0
2022-02-25,8.8,8.0,8.8,9.2,9.0,9.7,,,,,,,,,3.3,,,,15.0,3.0,,,"3,169","10,025",7.8,16,627,311,9,5,"1,573",2:20AM,10:29AM,433.0,55.0,25.0,488.0,110.0,244.0,79.0,112.0
2022-02-26,9.3,9.3,9.0,9.5,9.5,9.4,,,,6.0,,,,,3.5,9.5,6.0,6.0,30.0,3.0,9.0,20.0,"3,551","12,720",9.98,20,697,325,24,39,"2,044",3:21AM,9:16AM,327.0,28.0,19.0,355.0,89.0,185.0,53.0,106.0
2022-02-27,9.3,9.8,9.2,9.6,9.3,,,,,9.0,,,,,1.3,7.0,5.7,8.0,15.0,1.0,7.0,80.0,"4,627","24,210",18.95,23,577,297,118,111,"3,326",3:33AM,9:11AM,306.0,31.0,19.0,337.0,20.0,223.0,63.0,97.0
2022-02-28,9.7,9.8,9.4,9.9,9.7,9.3,,,,8.3,,,,,3.0,8.8,5.8,7.5,1.0,3.0,8.0,100.0,"3,784","13,825",10.81,18,737,299,50,43,"2,228",1:46AM,6:57AM,273.0,38.0,12.0,311.0,61.0,178.0,34.0,89.0
2022-03-01,8.5,9.0,8.6,8.9,8.8,,,,,,,,,,3.2,,,,10.0,3.0,,,"3,505","13,208",10.37,21,729,288,48,35,"1,949",3:06AM,8:46AM,297.0,43.0,14.0,340.0,64.0,182.0,51.0,90.0
2022-03-02,,,,,,,,,,,,,,,,,,,,,,,"3,769","15,341",12.03,29,827,288,49,45,"2,185",3:07AM,6:59AM,226.0,5.0,1.0,231.0,,,,76.0
2022-03-03,8.8,,7.9,8.8,7.0,9.0,,,,,,,,,1.2,8.0,6.8,,10.0,1.0,8.0,,"4,011","20,872",16.41,31,868,281,40,87,"2,493",4:39AM,7:23AM,154.0,10.0,2.0,164.0,,,,27.0
2022-03-04,9.1,9.3,8.8,9.2,9.0,,,,,8.0,,,,,2.3,10.3,8.0,7.3,15.0,2.0,10.0,,"3,440","13,150",10.29,25,722,279,27,27,"1,829",1:16AM,7:41AM,342.0,43.0,19.0,385.0,83.0,220.0,39.0,
2022-03-05,8.8,7.0,8.6,8.5,9.0,8.0,,,,,,,,,3.3,10.5,7.2,,15.0,3.0,10.0,,"3,495","15,595",12.31,13,"1,065",310,16,49,"2,015",,,,,,,,,,34.0
2022-03-06,9.0,9.0,8.6,9.1,9.2,,,,,9.0,,,,,,,,7.7,,,,,"3,067","10,280",8.03,15,692,281,5,13,"1,464",3:01AM,10:30AM,410.0,39.0,23.0,449.0,107.0,221.0,82.0,130.0
2022-03-07,9.3,9.6,7.9,9.4,7.0,9.3,,,,,,,,,,,,,,,,,"2,046",975,0.77,0,"1,151",48,0,0,188,3:02AM,7:03AM,211.0,30.0,12.0,241.0,10.0,162.0,39.0,127.0
2022-03-08,8.8,8.8,8.0,9.0,7.4,,,,,,,,,,,,,,,,,,"1,900",0,0.0,0,"1,440",0,0,0,0,,,,,,,,,,55.0
2022-03-09,9.0,9.5,9.0,9.8,9.0,10.0,,,,,,,,,,,,,,,,,"3,425","8,467",6.62,22,"1,133",235,39,33,"1,875",,,,,,,,,,103.0
2022-03-10,9.3,9.2,8.0,9.5,9.3,9.3,,,,,,,,,6.0,,,,1.0,6.0,,,"3,276","9,673",7.48,14,773,260,26,17,"1,562",6:35AM,12:39PM,318.0,46.0,15.0,364.0,106.0,156.0,56.0,63.0
2022-03-11,9.2,9.6,7.8,8.5,9.0,9.0,,,,,,,,,4.3,11.7,7.4,,15.0,4.0,11.0,,"3,751","12,843",9.96,25,691,364,34,10,"2,185",6:05AM,11:46AM,296.0,45.0,12.0,341.0,72.0,161.0,63.0,111.0
2022-03-12,,,,,,,,,,,,,,,4.0,10.0,6.0,,1.0,4.0,10.0,,"4,623","25,350",19.88,13,478,314,87,131,"3,307",4:24AM,11:34AM,376.0,54.0,19.0,430.0,111.0,182.0,83.0,85.0
2022-03-13,,,,,,,,,,,,,,,,,,,,,,,"3,366","15,142",11.89,18,842,192,16,83,"1,780",4:16AM,9:24AM,269.0,38.0,9.0,307.0,35.0,216.0,18.0,60.0
2022-03-14,9.3,,,,,,,,,,,,,,,,,,,,,,"3,503","11,676",9.13,34,736,261,37,36,"1,847",2:24AM,8:34AM,344.0,26.0,1.0,370.0,,,,82.0
2022-03-15,9.6,9.6,9.0,9.6,7.0,9.8,,,,,,,,,1.8,7.8,6.0,,45.0,1.0,7.0,,"3,405","12,278",9.61,35,767,274,30,16,"1,758",1:53AM,7:46AM,306.0,47.0,5.0,353.0,,,,95.0
2022-03-16,,,,,,,,,,,,,,,,,,,,,,,"4,363","24,032",18.83,33,611,342,41,96,"2,969",1:54AM,7:45AM,305.0,45.0,4.0,350.0,,,,124.0
2022-03-17,,,,,,,,,,,,,,,,,,,,,,,"3,304","11,084",8.67,18,789,275,17,16,"1,647",2:52AM,8:35AM,298.0,45.0,14.0,343.0,63.0,183.0,52.0,51.0
2022-03-18,8.4,,7.5,,,,,,,,,,,,,,,,,3.0,,,"4,486","26,858",21.07,21,555,270,65,142,"3,120",11:42PM,6:30AM,357.0,51.0,18.0,408.0,93.0,186.0,78.0,140.0
2022-03-19,,,,,,,,,,,,,,,3.0,10.5,7.5,,1.0,3.0,10.0,,"3,050","9,190",7.21,7,662,272,12,9,"1,411",3:14AM,11:19AM,425.0,60.0,15.0,485.0,101.0,260.0,64.0,131.0
2022-03-20,,,,,,,,,,,,,,,,,,,,,,,"3,389","14,070",10.98,31,670,242,34,42,"1,812",3:01AM,10:33AM,397.0,55.0,24.0,452.0,99.0,232.0,66.0,122.0
2022-03-21,,,,,,,,,,,,,,,,,,,,,,,"3,175","10,946",8.57,17,921,299,11,10,"1,564",8:10AM,11:29AM,178.0,21.0,8.0,199.0,44.0,107.0,27.0,134.0
2022-03-22,,,,,,,,,,,,,,,,,,,,,,,"3,096","9,411",7.35,20,744,240,16,9,"1,387",2:11AM,9:22AM,372.0,59.0,22.0,431.0,81.0,227.0,64.0,134.0
2022-03-23,,,,,,,,,,,,,,,,,,,,,,,"3,856","17,802",13.97,30,"1,044",294,39,63,"2,324",,,,,,,,,,148.0
2022-03-24,,,,,,,,,,,,,,,,,,,,,,,"3,672","13,717",10.73,23,744,314,57,28,"2,136",5:05AM,10:02AM,261.0,36.0,13.0,297.0,66.0,150.0,45.0,72.0
2022-03-25,,,,,,,,,,,,,,,3.0,10.5,7.5,,1.0,3.0,10.0,,"3,795","15,678",12.31,15,678,353,39,25,"2,293",3:58AM,9:43AM,327.0,18.0,1.0,345.0,,,,116.0
2022-03-26,,,,,,,,,,,,,,,4.5,10.8,6.3,,30.0,4.0,10.0,,"4,569","25,327",19.83,33,531,232,88,153,"3,240",3:07AM,10:24AM,415.0,20.0,1.0,436.0,,,,123.0
2022-03-27,,,,,,,,,,,,,,,3.5,,,,30.0,3.0,,,"3,395","14,097",11.02,25,785,167,71,62,"1,804",4:17AM,10:12AM,309.0,46.0,16.0,355.0,70.0,203.0,36.0,135.0
2022-03-28,8.5,8.4,8.0,9.0,8.4,9.0,,,,,,,,,1.7,7.7,6.0,,40.0,1.0,7.0,,"3,547","15,925",12.5,34,839,275,35,33,"1,973",3:40AM,7:58AM,232.0,26.0,12.0,258.0,67.0,108.0,57.0,63.0
2022-03-29,,,,,,,,,,,,,,,2.3,8.9,6.6,,15.0,2.0,8.0,,"3,861","16,567",13.01,27,705,263,79,41,"2,275",1:51AM,7:43AM,313.0,39.0,19.0,352.0,73.0,206.0,34.0,92.0
2022-03-30,,8.0,,8.5,5.0,,,,,,,,,,,,,,,,,,"2,266","2,184",1.69,0,954,88,6,0,439,2:23AM,8:55AM,332.0,60.0,22.0,392.0,51.0,225.0,56.0,108.0
2022-03-31,,,,,,,,,,,,,,,,,,,,,,,"3,469","10,898",8.51,10,556,214,65,33,"1,778",10:12PM,7:44AM,482.0,90.0,29.0,572.0,39.0,373.0,70.0,108.0
2022-04-01,,,,,,,,,,,,,,,6.0,,,,1.0,6.0,,,"4,653","25,059",19.6,42,549,300,105,127,"3,321",1:51AM,7:50AM,305.0,54.0,20.0,359.0,41.0,249.0,15.0,76.0
2022-04-02,,,,,,,,,,,,,,,,,,,,,,,"2,785","7,046",5.47,4,840,234,6,4,"1,079",6:17AM,12:13PM,325.0,31.0,1.0,356.0,,,,95.0
2022-04-03,,,,,,,,,,,,,,,,,,,,,,,"2,891","8,989",7.05,12,822,299,0,0,"1,303",5:27AM,10:46AM,269.0,50.0,14.0,319.0,59.0,126.0,84.0,134.0
2022-04-04,,,,,,,,,,,,,,,,,,,,5.0,,,"2,995","10,457",8.21,24,772,294,1,9,"1,427",2:15AM,8:19AM,332.0,26.0,3.0,364.0,,,,64.0
2022-04-05,,,,,,,,,,,,,,,4.8,8.8,4.0,,45.0,4.0,8.0,,"2,724","7,706",6.05,14,818,228,7,4,"1,077",4:54AM,11:17AM,319.0,64.0,16.0,383.0,40.0,209.0,70.0,77.0
2022-04-06,,,,,,,,,,,,,,,3.3,9.3,6.0,,15.0,3.0,9.0,,"3,153","12,698",9.96,23,"1,184",161,42,53,"1,560",,,,,,,,,,
2022-04-07,,,,,,,,,,,,,,,4.0,8.5,4.5,,1.0,4.0,8.0,,"2,998","10,211",7.97,22,840,214,20,21,"1,332",3:28AM,9:14AM,288.0,57.0,11.0,345.0,55.0,175.0,58.0,31.0
2022-04-08,,,,,,,,,,,,,,,5.0,,,,1.0,5.0,,,"3,155","10,532",8.27,17,895,227,25,36,"1,548",4:18AM,8:35AM,231.0,26.0,13.0,257.0,45.0,137.0,49.0,136.0
2022-04-09,8.7,,,,,,,,,,,,,,,,,,,,,,"3,324","14,286",11.19,23,619,181,31,68,"1,695",5:02AM,2:03PM,507.0,31.0,2.0,541.0,,,,128.0
2022-04-10,,,,,,,,,,,,,,,,,,,,,,,"2,839","8,930",7.01,14,891,163,44,7,"1,125",2:50PM,8:25PM,300.0,35.0,10.0,335.0,87.0,167.0,46.0,150.0
2022-04-11,9.0,9.4,8.0,8.7,7.6,8.0,,,,,,,,,6.4,10.5,4.1,,21.0,6.0,10.0,,"2,401","3,850",3.06,6,"1,323",117,0,0,601,,,,,,,,,,150.0
2022-04-12,,,,,,,,,,,,,,,4.2,2.9,-1.3,,10.0,4.0,2.0,,"4,135","17,736",13.86,26,743,320,59,77,"2,690",6:23AM,10:24AM,214.0,27.0,13.0,241.0,49.0,118.0,47.0,130.0
2022-04-13,9.0,8.5,9.5,9.0,9.5,,,,,,,,,,6.3,,,,20.0,6.0,,,"3,568","13,710",10.69,10,465,238,17,73,"1,996",4:08AM,2:55PM,570.0,77.0,28.0,647.0,121.0,350.0,99.0,44.0
2022-04-14,,,,,,,,,,,,,,,,,,,,,,,"3,387","13,668",10.73,12,727,228,7,78,"1,836",6:51AM,1:31PM,355.0,45.0,20.0,400.0,77.0,223.0,55.0,41.0
2022-04-15,8.7,8.0,9.0,8.4,8.0,,,,,,,,,,,,,,,,,,"2,586","4,868",3.82,4,759,185,7,2,879,7:10AM,3:17PM,424.0,63.0,22.0,487.0,63.0,296.0,65.0,91.0
2022-04-16,8.6,8.0,8.6,8.5,8.0,8.9,,,,,,,,,6.8,,,,45.0,6.0,,,"2,569","4,921",3.86,1,969,177,0,0,792,6:44AM,11:38AM,260.0,34.0,11.0,294.0,33.0,172.0,55.0,68.0
2022-04-17,,,,,,,,,,,,,,,7.3,13.5,6.2,,20.0,7.0,13.0,,"3,226","11,144",8.74,13,736,254,3,26,"1,585",6:55AM,1:56PM,374.0,47.0,22.0,421.0,109.0,199.0,66.0,81.0
2022-04-18,8.7,,8.9,8.6,9.6,,,,,,,,,,6.8,11.9,5.1,,50.0,6.0,11.0,,"2,883","7,368",5.74,6,787,238,14,0,"1,201",7:24AM,2:05PM,369.0,32.0,18.0,401.0,68.0,204.0,97.0,97.0
2022-04-19,,,,,,,,,,,,,,,5.8,11.8,6.0,,45.0,5.0,11.0,,"4,097","17,511",13.69,40,709,276,70,90,"2,720",7:00AM,11:55AM,271.0,24.0,16.0,295.0,64.0,151.0,56.0,123.0
2022-04-20,8.2,,,,,,,,,,,,,,,,,,,,,,"3,363","9,693",7.61,14,709,222,58,21,"1,690",6:20AM,1:30PM,373.0,57.0,17.0,430.0,102.0,234.0,37.0,135.0
2022-04-21,,,,,,,,,,,,,,,,,,,,,,,"5,044","25,268",19.82,19,609,246,72,216,"3,741",5:57AM,10:54AM,260.0,37.0,15.0,297.0,47.0,154.0,59.0,168.0
2022-04-22,8.7,9.0,9.0,8.5,8.0,,,,,,,,,,,,,,,,,,"2,585","5,541",4.35,8,"1,272",153,8,7,852,,,,,,,,,,72.0
2022-04-23,,,,,,,,,,,,,,,,,,,,,,,"2,691","7,669",6.0,5,"1,284",102,24,30,942,,,,,,,,,,
2022-04-24,,,,,,,,,,,,,,,,,,,,,,,"2,896","8,019",6.32,4,790,214,10,16,"1,207",12:25PM,7:15PM,364.0,46.0,22.0,410.0,75.0,231.0,58.0,
2022-04-25,,,,,,,,,,,,,,,,,,,,,,,"2,937","6,980",5.47,3,"1,170",262,6,2,"1,231",,,,,,,,,,109.0
2022-04-26,,,,,,,,,,,,,,,,,,,,,,,"3,852","15,601",12.2,7,801,222,78,79,"2,332",11:40PM,4:00AM,247.0,13.0,8.0,260.0,42.0,177.0,28.0,178.0
2022-04-27,,,,,,,,,,,,,,,,,,,,,,,"3,855","12,663",9.94,8,615,316,86,50,"2,484",12:57AM,3:59AM,165.0,16.0,10.0,181.0,24.0,106.0,35.0,78.0
2022-04-28,9.6,9.5,9.0,9.6,8.8,8.0,,,,,,,,,5.6,,,,35.0,5.0,,,"4,556","20,359",16.1,22,724,312,100,106,"3,224",6:33AM,9:51AM,176.0,22.0,8.0,198.0,51.0,95.0,30.0,68.0
2022-04-29,,,,,,,,,,,,,,,,,,,,,,,"3,502","13,385",10.51,15,694,383,15,1,"2,044",5:44AM,11:31AM,304.0,43.0,12.0,347.0,72.0,200.0,32.0,75.0
2022-04-30,,,,,,,,,,,,,,,4.2,9.0,4.8,,10.0,4.0,9.0,,"4,158","22,128",17.4,44,591,293,84,95,"2,819",5:56AM,12:13PM,340.0,37.0,12.0,377.0,75.0,257.0,8.0,62.0
2022-05-01,9.9,9.7,9.5,10.0,9.5,,,,,,,,,,,,,,0.0,2.0,,,"4,488","22,302",17.49,133,629,327,68,115,"3,166",4:07AM,9:08AM,266.0,35.0,8.0,301.0,71.0,144.0,51.0,98.0
2022-05-02,,,,,,,,,,,,,,,,,,,,,,,"4,030","16,149",12.6,9,489,483,52,18,"2,791",2:11AM,8:50AM,361.0,37.0,12.0,398.0,107.0,200.0,54.0,66.0
2022-05-03,8.1,8.0,8.7,8.0,7.5,8.4,,,,8.5,,,3.0,2.0,11.8,,,7.8,45.0,11.0,,70.0,"4,214","20,197",15.81,11,575,423,25,76,"2,878",2:27AM,8:08AM,324.0,17.0,3.0,341.0,,,,78.0
2022-05-04,,,,,,,,,,,,,,,11.8,7.5,-4.3,,45.0,11.0,7.0,,"2,955","9,127",7.16,7,717,272,9,19,"1,364",1:29AM,8:32AM,394.0,29.0,20.0,423.0,104.0,235.0,55.0,57.0
2022-05-05,8.9,9.3,9.5,8.6,9.6,9.5,,,,9.0,,,5.0,5.0,11.3,,,7.5,15.0,11.0,,80.0,"3,239","9,620",7.68,9,666,283,13,21,"1,600",11:51PM,7:28AM,404.0,53.0,23.0,457.0,62.0,285.0,57.0,66.0
2022-05-06,9.2,9.3,9.0,8.5,9.6,9.3,,,,,,,4.0,5.0,3.3,,,,15.0,3.0,,,"4,311","14,968",11.79,26,675,289,94,86,"2,923",12:26AM,5:22AM,275.0,21.0,11.0,296.0,78.0,158.0,39.0,125.0
2022-05-07,,9.6,,,8.0,,,,,,,,3.0,2.0,,,,,,,,,"4,657","17,875",14.03,16,556,207,167,130,"3,343",2:57AM,9:17AM,333.0,47.0,13.0,380.0,94.0,204.0,35.0,81.0
2022-05-08,9.0,8.9,8.0,8.9,9.3,9.0,,,,9.0,,,5.0,4.0,2.1,,,8.0,5.0,2.0,,100.0,"3,367","8,734",6.86,6,748,302,21,12,"1,704",1:36AM,7:33AM,354.0,3.0,0.0,357.0,,,,13.0
2022-05-09,8.7,9.5,8.5,8.8,8.0,,,,,7.7,,,3.0,5.0,1.3,,,7.5,20.0,1.0,,80.0,"3,599","12,619",9.85,3,737,244,93,38,"2,073",2:08AM,7:36AM,296.0,32.0,18.0,328.0,86.0,159.0,51.0,
2022-05-10,7.6,9.5,7.0,7.7,8.0,8.0,,,,9.0,,,4.0,5.0,,,,6.0,0.0,4.0,,,"3,089","8,230",6.46,7,699,252,9,6,"1,382",1:24AM,9:19AM,430.0,44.0,25.0,474.0,98.0,286.0,46.0,29.0
2022-05-11,,8.2,9.0,9.3,8.6,,,,,7.0,,,5.0,4.0,,,,,,,,,"4,714","22,419",17.57,21,672,192,72,195,"3,308",3:53AM,9:03AM,278.0,31.0,14.0,309.0,59.0,153.0,66.0,165.0
2022-05-12,7.6,8.7,7.0,7.0,8.0,7.5,,,,,,,,,2.8,,,,45.0,2.0,,,"4,000","15,492",12.12,37,611,227,73,84,"2,448",12:35AM,8:00AM,398.0,47.0,23.0,445.0,111.0,203.0,84.0,36.0
2022-05-13,8.0,9.0,7.0,8.2,8.0,8.3,,,,,,,,,4.1,,,,6.0,4.0,,,"2,884","10,008",7.86,5,826,116,14,64,"1,208",2:43AM,9:43AM,366.0,54.0,23.0,420.0,60.0,238.0,68.0,104.0
2022-05-14,,9.3,,8.8,8.5,,,,,,,,4.0,3.0,,,,,,,,,"3,840","16,590",12.97,31,679,306,49,59,"2,411",4:09AM,9:57AM,308.0,39.0,16.0,347.0,87.0,142.0,79.0,100.0
2022-05-15,9.3,9.4,8.8,,9.0,9.5,,,,,,,2.0,,0.9,,,,55.0,0.0,,,"4,255","18,629",14.57,15,625,429,43,58,"2,948",4:15AM,9:01AM,259.0,26.0,12.0,285.0,72.0,134.0,53.0,82.0
2022-05-16,9.0,9.6,9.2,9.3,9.0,9.3,,,,,,,4.0,6.0,1.3,,,,15.0,1.0,,,"4,120","14,612",11.47,9,548,318,100,52,"2,738",12:56AM,7:58AM,373.0,49.0,22.0,422.0,102.0,224.0,47.0,39.0
2022-05-17,8.1,8.7,7.5,8.5,8.2,7.0,,,,,,,5.0,5.0,4.1,10.0,5.9,,5.0,4.0,10.0,,"3,069","9,434",7.41,7,752,260,12,3,"1,413",1:25AM,8:19AM,373.0,40.0,12.0,413.0,85.0,257.0,31.0,87.0
2022-05-18,9.1,9.3,9.1,9.3,8.5,9.6,,,,7.0,,,5.0,5.0,1.8,,,7.0,45.0,1.0,,70.0,"4,245","18,223",14.31,15,664,240,68,127,"2,834",4:15AM,9:56AM,304.0,37.0,14.0,341.0,97.0,191.0,16.0,184.0
2022-05-19,8.0,7.9,8.0,8.0,8.0,8.7,,,,,,,4.0,6.0,12.8,,,,45.0,12.0,,,"3,117","9,992",7.81,9,786,255,21,17,"1,477",1:52AM,7:53AM,333.0,27.0,1.0,361.0,,,,58.0
2022-05-20,9.2,9.0,8.9,9.4,,8.7,,,,,,,,,4.8,,,,45.0,4.0,,,"4,282","21,110",16.39,54,581,267,39,125,"2,849",12:51AM,7:59AM,380.0,48.0,20.0,428.0,99.0,231.0,50.0,82.0
2022-05-21,8.2,8.5,7.7,8.7,8.0,7.9,,,,,,,,,,,,,0.0,3.0,,,"4,216","18,705",14.65,27,671,263,62,104,"2,732",4:49AM,10:29AM,328.0,12.0,2.0,340.0,,,,50.0
2022-05-22,8.1,,8.0,8.6,8.8,8.7,,,,9.0,,,3.0,4.0,12.6,7.8,-4.8,7.8,35.0,12.0,7.0,,"2,608","4,594",3.61,3,881,188,16,3,885,3:06AM,8:58AM,348.0,4.0,1.0,352.0,,,,150.0
2022-05-23,8.6,8.0,7.9,8.7,7.4,,,,,,,,,,2.4,,,,25.0,2.0,,,"4,090","17,344",13.6,13,584,232,98,96,"2,629",12:36AM,7:46AM,376.0,54.0,23.0,430.0,94.0,234.0,48.0,94.0
2022-05-24,9.0,9.5,9.1,9.2,8.2,9.6,,,,7.8,,,5.5,,12.9,8.3,-4.6,,55.0,12.0,8.0,,"3,298","10,891",8.55,8,748,257,23,26,"1,642",2:31AM,8:57AM,341.0,45.0,18.0,386.0,71.0,208.0,62.0,39.0
2022-05-25,8.3,8.3,8.7,,,8.0,,,,,,,3.5,5.0,1.8,8.0,6.2,,50.0,1.0,8.0,,"3,601","16,626",13.05,7,713,222,32,109,"2,108",12:55AM,6:59AM,320.0,44.0,16.0,364.0,65.0,232.0,23.0,89.0
2022-05-26,9.5,9.7,9.0,9.5,9.0,9.8,,,,,,,5.0,5.0,1.5,7.8,6.3,,30.0,1.0,7.0,,"3,480","13,075",10.23,4,729,262,38,49,"1,933",1:51AM,7:53AM,341.0,20.0,1.0,362.0,,,,82.0
2022-05-27,9.2,9.3,9.5,9.1,9.2,9.5,,,,,,,5.0,4.0,2.3,,,,20.0,2.0,,,"4,658","16,519",12.88,14,568,223,137,136,"3,294",1:35AM,7:51AM,338.0,38.0,23.0,376.0,57.0,188.0,93.0,63.0
2022-05-28,9.7,9.6,9.4,9.7,9.5,9.8,,,,,,,6.0,4.0,4.5,10.8,6.3,,30.0,4.0,10.0,,"4,915","23,924",18.77,27,566,218,156,172,"3,690",2:27AM,7:55AM,289.0,39.0,16.0,328.0,31.0,217.0,41.0,74.0
2022-05-29,7.5,,8.0,7.3,6.0,8.3,,,,,,,5.0,5.0,0.1,6.0,5.9,,5.0,0.0,6.0,,"3,510","11,109",8.72,58,710,243,47,42,"1,871",4:15AM,10:53AM,351.0,47.0,13.0,398.0,96.0,210.0,45.0,114.0
2022-05-30,9.1,9.0,8.0,9.0,7.5,9.3,,,,9.0,,,,,1.4,,,7.7,25.0,1.0,,90.0,"3,225","10,334",8.06,12,808,218,39,30,"1,538",12:13AM,5:58AM,313.0,32.0,15.0,345.0,62.0,220.0,31.0,135.0
2022-05-31,8.5,8.0,8.0,8.4,7.5,8.3,,,,9.0,,,,,12.6,,,8.0,35.0,12.0,,90.0,"3,686","10,201",7.96,9,697,293,64,30,"2,155",1:29AM,7:25AM,309.0,47.0,18.0,356.0,91.0,163.0,55.0,47.0
2022-06-01,9.3,9.4,9.2,9.0,8.8,9.4,,,,,,,,,12.7,7.0,-5.7,,42.0,12.0,7.0,,"3,943","15,076",11.83,22,628,274,102,56,"2,511",12:40AM,7:00AM,321.0,59.0,10.0,380.0,99.0,196.0,26.0,120.0
2022-06-02,8.6,9.7,8.0,8.6,8.0,9.0,,,,,,,,,11.4,,,,25.0,11.0,,,"2,989","7,760",6.09,7,812,238,18,6,"1,330",12:46AM,6:52AM,342.0,24.0,17.0,366.0,71.0,231.0,40.0,106.0
2022-06-03,9.0,9.4,8.5,8.6,7.8,,,,,,,,,,,,,,,,,,"5,054","28,192",22.06,70,457,379,116,126,"3,872",11:26PM,5:28AM,318.0,44.0,18.0,362.0,64.0,178.0,76.0,65.0
2022-06-04,8.7,8.3,8.0,8.5,8.0,8.0,,,,,,,8.0,6.0,,,,,,3.0,,,"3,518","14,331",11.25,11,703,155,62,85,"1,965",2:21AM,9:37AM,396.0,39.0,14.0,435.0,101.0,215.0,80.0,70.0
2022-06-05,8.8,8.2,9.2,8.7,9.0,8.9,,,,,,,,,1.5,,,,30.0,1.0,,,"3,385","13,455",10.5,2,645,301,10,34,"1,818",2:57AM,10:27AM,399.0,51.0,22.0,450.0,70.0,290.0,39.0,84.0
2022-06-06,8.6,8.0,9.3,8.6,9.0,9.5,,,,9.0,,,4.0,4.0,1.3,,,9.0,15.0,1.0,,100.0,"2,929","8,840",6.94,3,799,200,29,24,"1,281",1:32AM,8:00AM,343.0,45.0,19.0,388.0,68.0,224.0,51.0,98.0
2022-06-07,9.2,8.6,9.7,9.6,8.8,9.5,,,,,,,,,,,,,,,,,"4,540","20,989",16.41,38,561,312,89,109,"3,251",1:21AM,7:30AM,320.0,49.0,13.0,369.0,73.0,193.0,54.0,96.0
2022-06-08,8.6,8.8,8.0,8.6,8.3,7.8,,,,9.0,,,,,12.8,,,6.0,45.0,12.0,,,"3,175","8,239",6.47,14,845,219,38,25,"1,512",1:45AM,6:58AM,281.0,32.0,1.0,313.0,,,,101.0
2022-06-09,8.5,9.0,8.0,8.5,8.8,9.0,,,,,,,6.0,4.0,2.4,,,,25.0,2.0,,,"3,698","13,096",10.21,9,629,219,71,70,"2,147",12:48AM,8:19AM,379.0,72.0,29.0,451.0,77.0,249.0,53.0,87.0
2022-06-10,8.8,9.4,8.0,8.6,8.5,,,,,,,,6.0,4.0,,,,6.0,,1.0,,,"3,918","17,629",13.81,19,715,235,70,85,"2,426",2:26AM,8:01AM,297.0,38.0,16.0,335.0,43.0,212.0,42.0,159.0
2022-06-11,8.0,8.0,8.9,8.1,8.5,8.5,,,,9.0,,,6.0,6.0,1.5,8.0,6.5,8.0,30.0,1.0,8.0,,"2,974","8,968",7.04,11,736,234,35,9,"1,350",12:50AM,7:56AM,381.0,45.0,23.0,426.0,91.0,236.0,54.0,
2022-06-12,9.2,9.4,8.7,9.0,7.7,9.0,,,,7.8,,,6.0,5.0,2.5,,,7.0,30.0,2.0,,,"2,512","4,903",3.85,5,908,160,0,0,758,1:45AM,7:58AM,328.0,44.0,27.0,372.0,42.0,249.0,37.0,
2022-06-13,9.5,9.3,9.5,9.3,9.0,9.7,,,,,,,,,1.6,,,,35.0,1.0,,,"3,704","16,648",12.99,18,636,313,39,43,"2,201",2:24AM,9:14AM,361.0,48.0,16.0,409.0,97.0,212.0,52.0,102.0
2022-06-14,9.3,8.6,9.4,9.0,8.0,,,,,9.0,,,,,,,,7.9,,,,,"4,754","22,969",18.03,36,712,270,204,88,"3,459",1:38AM,4:24AM,157.0,6.0,1.0,166.0,,,,92.0
2022-06-15,8.6,9.0,8.4,8.7,7.8,8.0,,,,8.8,,,,,,,,7.6,,,,,"3,876","20,714",16.26,48,717,179,46,125,"2,376",12:44AM,6:57AM,345.0,28.0,15.0,373.0,73.0,229.0,43.0,106.0
2022-06-16,9.4,9.0,,,,,,,,,,,,,,,,,,,,,"4,277","19,353",14.71,31,631,218,40,134,"2,750",1:06AM,8:03AM,403.0,14.0,2.0,417.0,,,,55.0
2022-06-17,7.8,8.8,7.0,8.1,7.3,,,,,,,,,,,,,,,,,,"3,729","13,449",10.73,18,683,231,59,68,"2,154",2:18AM,8:28AM,332.0,38.0,21.0,370.0,56.0,231.0,45.0,30.0
2022-06-18,8.5,8.8,7.8,8.3,8.9,7.5,,9.3,,,,,,,,,,6.0,,,,,"5,375","30,915",24.23,12,485,271,247,139,"4,285",11:30PM,4:58AM,301.0,27.0,2.0,328.0,,,,28.0
2022-06-19,8.7,9.0,8.7,8.7,8.4,9.0,,8.7,,8.0,,,,,,,,8.0,,,,,"4,747","28,281",22.2,10,477,343,196,72,"3,614",11:20PM,5:12AM,310.0,42.0,18.0,352.0,56.0,204.0,50.0,46.0
2022-06-20,8.1,8.0,7.8,9.0,7.9,8.3,,7.0,,9.0,,,6.0,5.0,,,,7.0,,,,,"2,958","9,914",7.75,4,740,200,12,45,"1,345",11:10PM,6:33AM,398.0,45.0,20.0,443.0,114.0,235.0,49.0,154.0
2022-06-21,9.4,9.4,9.2,9.6,9.0,9.7,,9.6,,,,,,,,,,,,,,,"3,942","15,878",12.38,34,687,336,65,39,"2,516",12:16AM,5:30AM,311.0,2.0,0.0,313.0,,,,79.0
2022-06-22,7.5,8.1,7.7,8.0,7.8,7.9,,8.8,,,,,,,,,,,,,,,"3,823","21,936",17.2,29,640,221,58,102,"2,373",1:37AM,8:36AM,385.0,34.0,20.0,419.0,67.0,273.0,45.0,38.0
2022-06-23,8.6,8.0,8.0,8.0,8.0,8.0,,8.7,,,,,,,,,,,,,,,"4,458","24,909",19.55,27,637,241,67,152,"3,075",3:08AM,8:51AM,318.0,25.0,14.0,343.0,79.0,176.0,63.0,47.0
2022-06-24,9.0,9.0,8.5,8.8,8.6,8.8,,9.1,,8.7,,,,,12.2,,,7.1,10.0,12.0,,,"3,613","17,411",13.6,13,624,279,33,69,"2,158",2:18AM,9:33AM,388.0,47.0,17.0,435.0,73.0,250.0,65.0,117.0
2022-06-25,9.1,8.7,8.8,8.9,8.0,7.6,,9.2,,,,,,,11.2,,,,10.0,11.0,,,"6,230","33,868",26.59,21,382,268,360,172,"5,359",12:19AM,4:37AM,251.0,7.0,1.0,258.0,,,,38.0
2022-06-26,,9.0,9.3,9.3,8.7,8.4,,9.3,,,,,,,,,,,,,,,"5,995","37,078",29.17,25,292,266,392,116,"5,015",10:54PM,5:09AM,336.0,38.0,15.0,374.0,48.0,237.0,51.0,39.0
2022-06-27,9.0,9.5,8.0,9.0,9.5,9.0,,9.3,,8.0,,,,,,,,6.0,,,,,"4,229","22,319",17.79,12,578,216,77,135,"2,783",1:26AM,8:40AM,382.0,52.0,21.0,434.0,93.0,244.0,45.0,75.0
2022-06-28,9.2,8.8,8.5,9.3,9.3,8.3,7.0,9.5,,,,,,,,,,,,,,,"3,164","9,054",7.24,17,805,285,16,5,"1,491",4:08AM,9:38AM,295.0,34.0,15.0,329.0,33.0,236.0,26.0,128.0
2022-06-29,8.5,8.0,8.0,8.2,8.3,7.8,8.0,88.0,,,,,,,,,,7.0,,,,,"3,665","14,628",11.61,9,722,312,44,27,"2,121",5:24AM,10:59AM,302.0,33.0,14.0,335.0,62.0,190.0,50.0,114.0
2022-06-30,8.9,,8.4,8.5,7.5,,,9.5,,,,,,,,,,,,,,,"4,901","13,625",10.74,15,618,407,116,57,"3,296",4:56AM,8:58AM,235.0,4.0,1.0,242.0,,,,109.0
2022-07-01,,,,,,,,,,,,,,,,,,,,,,,"4,901","13,625",10.74,15,648,288,91,16,"2,225",5:43PM,10:42PM,264.0,35.0,20.0,299.0,52.0,155.0,57.0,66.0
2022-07-02,8.8,8.3,8.5,8.6,8.0,8.4,7.8,9.6,,,,,,,,,,,,,,,"3,894","11,644",9.16,7,674,412,48,13,"2,409",5:57PM,10:50PM,281.0,12.0,0.0,293.0,,,,17.0
2022-07-03,8.1,8.0,8.7,8.2,7.0,8.6,8.5,7.7,,8.8,,,,,,,,7.6,,,,,"2,445","3,075",2.41,2,"1,302",130,8,0,662,,,,,,,,,,71.0
2022-07-04,7.9,,7.9,8.0,6.8,8.0,8.3,7.4,,9.4,,,,,,,,8.0,,,,,"2,556","5,688",4.55,1,849,161,15,8,822,10:09PM,4:57AM,352.0,55.0,18.0,407.0,92.0,183.0,77.0,149.0
2022-07-05,9.5,9.0,9.6,9.6,9.5,9.1,9.4,9.6,,,,,,,,,,,,,,,"4,060","13,035",10.43,8,515,386,66,32,"2,619",11:06PM,6:27AM,384.0,57.0,20.0,441.0,78.0,262.0,44.0,57.0
2022-07-06,9.6,9.0,9.5,9.3,8.9,9.2,9.6,9.8,,,,,,,,,,,,,,,"4,015","12,303",9.84,48,517,320,52,70,"2,591",2:24AM,10:25AM,444.0,37.0,0.0,481.0,,,,85.0
2022-07-07,7.8,7.9,7.0,8.3,7.8,7.4,8.0,8.6,,,,,,,,,,,,,,,"2,904","6,082",4.86,2,842,241,14,0,"1,200",2:35AM,8:18AM,309.0,34.0,14.0,343.0,69.0,205.0,35.0,87.0
2022-07-08,8.6,8.6,8.6,8.5,8.8,8.7,8.7,8.7,,8.7,,,,,,,,8.8,,,,,"2,773","8,458",6.77,1,846,107,20,43,"1,036",1:29AM,8:34AM,379.0,45.0,3.0,424.0,,,,109.0
2022-07-09,9.0,9.2,9.0,9.0,8.5,9.2,8.9,8.8,,9.0,,,,,,,,8.3,,,,,"3,806","20,795",16.33,54,658,325,70,25,"2,359",1:32AM,7:34AM,314.0,48.0,16.0,362.0,65.0,206.0,43.0,63.0
2022-07-10,8.0,7.7,8.4,8.1,7.6,7.9,7.8,8.7,,7.8,,,,,,,,7.7,,,,,"2,746","5,550",4.44,0,797,260,0,0,"1,078",12:56AM,6:08AM,280.0,32.0,0.0,312.0,,,,76.0
2022-07-11,9.2,8.3,8.5,9.2,8.8,9.0,7.8,9.7,,,,,,,,,,,,,,,"2,360","3,548",2.84,0,"1,030",87,5,13,515,1:28AM,6:33AM,267.0,38.0,14.0,305.0,62.0,152.0,53.0,76.0
2022-07-12,8.2,,8.7,8.5,8.9,8.8,8.5,7.8,,8.8,,,,,,,,8.0,,,,,"2,738","4,584",3.67,0,669,157,24,1,921,12:47AM,10:36AM,516.0,73.0,28.0,589.0,95.0,349.0,72.0,99.0
2022-07-13,,,,,,,,,,,,,,,,,,,,,,,"3,175","5,210",4.17,0,781,184,45,30,"1,452",1:27AM,8:07AM,348.0,52.0,15.0,400.0,61.0,250.0,37.0,100.0
2022-07-14,8.0,8.3,7.0,7.8,8.0,7.5,,8.2,,8.8,,,,,,,,7.0,,,,,"2,713","4,947",3.96,0,790,200,10,1,942,1:14AM,8:33AM,386.0,53.0,12.0,439.0,43.0,249.0,94.0,
2022-07-15,8.6,8.7,8.0,8.3,8.6,8.8,8.6,8.2,,8.3,,,,,,,,7.2,,,,,"2,970","8,560",6.85,1,794,283,0,0,"1,323",1:55AM,7:58AM,330.0,25.0,1.0,363.0,,,,49.0
2022-07-16,9.0,9.3,8.9,8.8,9.2,9.3,8.8,9.0,,9.2,,,,,,,,8.0,,,,,"3,505","17,592",12.18,3,767,214,80,37,"1,912",2:27AM,8:09AM,321.0,21.0,1.0,342.0,,,,76.0
2022-07-17,9.2,8.6,9.1,9.3,9.5,9.3,9.0,8.8,,,,,,,,,,,,,,,"3,140","8,677",6.94,0,832,253,43,1,"1,473",2:16AM,7:27AM,281.0,30.0,14.0,311.0,61.0,198.0,22.0,105.0
2022-07-18,8.9,9.2,8.2,9.3,8.8,8.5,8.7,8.9,,7.8,,,9.0,,,,,7.8,,,,,"3,461","8,419",6.74,1,736,259,49,19,"1,758",5:19AM,11:36AM,308.0,69.0,11.0,377.0,85.0,166.0,57.0,69.0
2022-07-19,8.8,9.0,8.8,8.8,9.2,8.6,8.7,8.3,,7.3,,,8.0,,,,,8.7,,,,,"4,200","12,426",9.94,4,507,310,92,63,"2,793",3:27AM,11:16AM,455.0,13.0,0.0,468.0,,,,48.0
2022-07-20,8.8,,8.6,9.0,9.0,8.4,8.5,9.0,,9.0,,,,,,,,8.0,,,,,"3,312","5,867",4.69,0,864,192,32,38,"1,538",4:08AM,9:22AM,276.0,38.0,19.0,314.0,41.0,178.0,57.0,54.0
2022-07-21,8.3,8.5,8.0,8.5,8.8,9.0,8.5,7.7,,9.5,,,,,,,,7.0,,,,,"3,440","7,558",6.05,1,879,184,71,6,"1,417",2:55AM,7:56AM,266.0,34.0,15.0,300.0,67.0,170.0,29.0,164.0
2022-07-22,9.5,9.7,8.7,9.4,8.9,9.5,9.3,9.5,,8.0,,,,,,,,8.5,,,,,"4,189","14,556",11.64,2,"1,440",0,0,0,0,,,,,,,,,,61.0
2022-07-23,8.1,8.7,8.0,8.2,8.0,8.5,8.4,8.3,,9.2,,,,,,,,7.9,,,,,"3,578","6,739",5.39,0,"1,440",0,0,0,0,,,,,,,,,,101.0
2022-07-24,7.8,,7.8,7.7,8.2,8.0,7.8,8.1,,8.5,,,,,,,,7.8,,,,,"2,968","6,671",5.34,0,"1,440",0,0,0,0,,,,,,,,,,101.0
2022-07-25,8.3,,,,,,,,,,,,,,,,,,,,,,"1,921","1,230",0.98,0,"1,440",0,0,0,0,,,,,,,,,,102.0
2022-07-26,,,6.0,8.0,7.0,6.0,,9.0,,,,,,,,,,,,,,,"3,227","7,821",6.26,3,"1,440",0,0,0,0,,,,,,,,,,86.0
2022-07-27,9.0,7.8,9.5,8.8,9.2,9.7,9.0,9.0,,,,,,,,,,,,,,,"4,818","21,493",17.78,16,"1,440",0,0,0,0,,,,,,,,,,90.0
2022-07-28,9.0,7.8,8.8,9.0,8.5,8.7,8.9,9.8,,,,,,,,,,,,,,,"4,355","13,088",10.39,16,"1,440",0,0,0,0,,,,,,,,,,16.0
2022-07-29,7.5,7.8,7.0,7.4,7.9,7.4,8.2,7.0,,,,,7.0,6.0,,,,8.0,,,,,"3,752","8,074",6.46,0,"1,440",0,0,0,0,,,,,,,,,,64.0
2022-07-30,8.3,8.5,8.7,8.0,7.8,9.0,8.2,8.1,,,,,,,,,,,,,,,"3,178","9,609",7.67,0,"1,440",0,0,0,0,,,,,,,,,,113.0
2022-07-31,7.0,,7.4,7.0,8.0,7.7,8.0,7.0,,9.5,,,,,,,,7.5,,,,,"2,438","2,758",2.21,0,"1,440",0,0,0,0,,,,,,,,,,129.0
2022-08-01,7.8,,7.4,,,,,,,,,,,,,,,,,,,,"3,154","6,219",4.98,0,"1,440",0,0,0,0,,,,,,,,,,168.0
2022-08-02,8.8,8.0,8.7,9.0,8.6,8.8,8.8,8.6,9.0,7.5,,,,,,,,,,,,,"2,566","4,139",3.31,1,"1,440",0,0,0,0,,,,,,,,,,89.0
2022-08-03,9.1,8.9,9.3,9.1,9.0,9.0,9.0,8.9,9.2,8.0,,,,,,,,,,,,,"2,340","3,802",3.04,1,"1,440",0,0,0,0,,,,,,,,,,95.0
2022-08-04,9.1,9.2,9.3,8.9,9.1,9.4,9.0,9.0,9.8,7.8,,,,,,,,,,,,,"3,835","13,731",11.08,1,"1,440",0,0,0,0,,,,,,,,,,153.0
2022-08-05,8.6,8.9,7.9,,8.6,,,8.8,,,7.5,,,,,,,,,,,,"3,211","9,397",7.51,5,"1,440",0,0,0,0,,,,,,,,,,109.0
2022-08-06,8.4,7.8,8.5,8.3,8.1,9.0,8.0,8.2,8.6,8.7,,,,,,,,,,,,,"3,473","11,339",9.07,0,"1,440",0,0,0,0,,,,,,,,,,98.0
2022-08-07,8.5,7.8,8.0,8.5,8.0,8.6,8.7,8.5,8.7,8.7,7.8,,,,,,,,,,,,"2,972","5,231",4.18,1,"1,440",0,0,0,0,,,,,,,,,,100.0
2022-08-08,8.6,9.5,8.2,8.3,8.0,8.6,9.0,9.0,8.0,8.0,,,,,,,,,,,,,"3,673","8,597",6.88,1,"1,440",0,0,0,0,,,,,,,,,,84.0
2022-08-09,8.5,7.7,8.6,8.5,8.0,9.0,8.5,8.5,9.0,8.2,,,,,,,,,,,,,"2,956","5,737",4.59,0,"1,440",0,0,0,0,,,,,,,,,,64.0
2022-08-10,7.8,7.8,8.0,7.8,8.2,7.6,8.5,7.7,8.0,7.9,,,,,,,,,,,,,"2,975","7,250",5.8,1,"1,440",0,0,0,0,,,,,,,,,,146.0
2022-08-11,8.7,,8.7,8.3,8.7,8.4,8.0,9.0,9.0,8.5,,,,,,,,,,,,,"3,003","6,903",5.52,0,"1,440",0,0,0,0,,,,,,,,,,129.0
2022-08-12,9.1,9.0,9.6,9.3,9.0,9.0,8.5,9.4,8.9,,,,,,,,,,,,,,"4,623","14,441",11.5,31,"1,440",0,0,0,0,,,,,,,,,,25.0
2022-08-13,9.4,9.2,9.7,9.2,8.7,9.4,9.0,9.6,9.2,,,,,,,,,,,,,,"2,971","7,745",5.86,6,"1,440",0,0,0,0,,,,,,,,,,52.0
2022-08-14,8.2,7.7,8.4,8.1,7.8,8.0,8.8,8.0,8.5,8.2,7.9,,,,,,,,,,,,"2,844","6,955",6.08,2,"1,440",0,0,0,0,,,,,,,,,,127.0
2022-08-15,9.1,9.0,9.0,9.0,8.6,9.1,9.2,9.0,9.4,8.4,8.5,,,,,,,,,,,,"3,171","9,918",7.93,1,"1,440",0,0,0,0,,,,,,,,,,46.0
2022-08-16,9.1,8.8,9.0,9.0,9.0,9.0,9.0,9.2,9.3,8.7,9.5,,,,,,,,,,,,"3,325","9,609",7.69,0,"1,440",0,0,0,0,,,,,,,,,,
2022-08-17,8.9,8.9,9.5,8.8,9.0,9.6,8.5,8.0,9.5,9.0,9.0,,,,,,,,,,,,"2,987","7,436",5.95,0,"1,440",0,0,0,0,,,,,,,,,,51.0
2022-08-18,9.0,8.8,8.8,9.0,,,,9.6,,9.5,,,,,,,,,,,,,"2,230","2,110",1.69,0,"1,440",0,0,0,0,,,,,,,,,,63.0
2022-08-19,9.4,8.0,8.9,8.8,8.9,7.9,8.5,9.4,8.0,,8.0,,,,,,,,,,,,"1,923",7,0.01,0,"1,440",0,0,0,0,,,,,,,,,,37.0
2022-08-20,7.8,8.0,8.0,7.8,7.7,8.4,7.8,8.8,8.1,,,,,,,,,,,,,,"1,921",0,0.0,0,"1,440",0,0,0,0,,,,,,,,,,69.0
2022-08-21,9.3,9.2,9.5,9.3,9.0,9.5,8.6,9.4,9.0,9.0,9.4,,,,,,,,,,,,"1,921",0,0.0,0,"1,440",0,0,0,0,,,,,,,,,,49.0
2022-08-22,8.7,8.3,8.4,9.0,8.0,9.3,8.6,8.7,9.2,,9.3,,,,,,,,,,,,"2,266","5,190",4.15,0,"1,440",0,0,0,0,,,,,,,,,,121.0
2022-08-23,8.5,8.2,7.8,8.7,8.0,8.0,8.6,9.0,8.9,8.7,8.0,,,,,,,,,,,,"3,383","11,563",9.2,1,"1,440",0,0,0,0,,,,,,,,,,116.0
2022-08-24,7.2,7.5,7.7,7.0,7.9,7.6,7.5,7.0,7.5,7.0,,,,,,,,,,,,,"4,050","11,478",9.08,0,"1,440",0,0,0,0,,,,,,,,,,113.0
2022-08-25,9.2,9.2,9.0,9.0,9.0,9.5,9.6,9.1,9.3,8.5,9.0,,,,,,,,,,,,"3,456","8,525",6.82,1,"1,440",0,0,0,0,,,,,,,,,,56.0
2022-08-26,8.4,,8.7,8.6,9.0,9.0,9.4,7.7,8.8,8.1,9.5,,,,,,,,,,,,"3,617","12,581",10.06,0,"1,440",0,0,0,0,,,,,,,,,,122.0
2022-08-27,7.7,7.6,7.5,7.6,7.0,7.9,8.3,9.7,8.5,7.8,8.6,,,,,,,,,,,,"3,593","9,169",7.34,3,"1,384",35,17,4,318,,,,,,,,,,99.0
2022-08-28,8.0,9.0,7.3,8.0,7.2,9.0,9.0,8.6,8.0,7.5,,,,,,,,,,,,,"3,537","12,034",9.63,0,"1,101",244,57,38,"1,921",,,,,,,,,,77.0
2022-08-29,9.1,8.8,9.3,9.0,9.0,9.5,9.3,8.8,9.0,8.7,9.0,,,,,,,,,,,,"4,834","13,822",11.06,15,997,183,94,166,"3,367",,,,,,,,,,27.0
2022-08-30,8.5,,8.8,8.5,7.8,9.5,8.8,8.7,8.7,8.2,9.4,,,,,,,,,,,,"3,559","7,174",5.73,1,"1,119",204,75,42,"1,880",,,,,,,,,,104.0
2022-08-31,8.7,8.4,8.7,8.8,8.9,9.0,8.0,8.9,8.8,9.0,8.0,,,,,,,,,,,,"2,992","7,773",6.21,3,"1,202",194,15,29,"1,205",,,,,,,,,,91.0
2022-09-01,7.0,7.0,7.0,7.0,8.0,7.5,7.7,8.0,7.6,7.8,,,,,,,,,,,,,"3,274","11,244",8.96,1,757,289,22,12,"1,617",12:59AM,6:59AM,296.0,64.0,19.0,360.0,41.0,209.0,46.0,84.0
2022-09-02,9.4,9.3,9.0,9.5,8.9,9.3,9.5,9.6,9.4,,9.2,,,,,,,,,,,,"2,987","6,162",4.93,2,755,207,16,5,"1,163",1:48AM,9:25AM,411.0,46.0,32.0,457.0,100.0,242.0,69.0,64.0
2022-09-03,9.0,,,,,,,9.4,,,,,,,,,,,,,,,"4,845","14,346",11.48,1,466,307,263,26,"3,567",4:43AM,11:01AM,341.0,37.0,19.0,378.0,73.0,218.0,50.0,90.0
2022-09-04,9.5,9.5,,,,,8.3,9.6,9.4,,8.7,,,,,,,,,,,,"3,372","4,308",2.62,3,"1,053",232,31,13,"1,501",7:14AM,9:05AM,106.0,5.0,0.0,111.0,,,,51.0
2022-09-05,9.4,9.5,8.3,9.3,8.4,9.1,9.0,9.4,9.5,8.5,8.5,,,,,,,,,,,,"5,876","17,183",13.54,4,181,407,248,127,"4,915",11:30AM,7:28PM,430.0,47.0,19.0,477.0,111.0,276.0,43.0,107.0
2022-09-06,8.5,9.0,8.0,8.0,8.6,,,9.1,,7.7,7.0,,,,,,,,,,,,"4,542","15,242",12.09,39,559,279,129,89,"3,126",9:22AM,3:46PM,324.0,60.0,32.0,384.0,46.0,229.0,49.0,44.0
2022-09-07,9.2,9.0,9.3,9.7,9.0,9.7,9.0,9.4,9.0,8.7,8.0,,,,,,,,,,,,"4,610","18,658",14.93,20,955,275,91,119,"3,183",,,,,,,,,,55.0
2022-09-08,8.9,9.1,9.0,9.0,9.4,9.6,9.0,8.8,8.0,8.5,9.5,,,,,,,,,,,,"3,433","11,761",9.36,19,"1,104",278,35,23,"1,824",,,,,,,,,,76.0
2022-09-09,9.3,8.9,,9.3,8.5,8.9,8.5,9.2,9.0,87.0,,,,,,,,,,,,,"3,842","16,618",13.26,21,621,404,14,17,"2,324",11:49PM,6:14AM,341.0,43.0,20.0,384.0,93.0,195.0,53.0,86.0
2022-09-10,9.0,8.8,9.5,9.0,8.8,9.7,9.5,8.4,8.4,8.9,9.3,,,,,,,,,,,,"3,822","15,450",12.34,17,603,279,97,50,"2,377",12:51AM,7:42AM,351.0,60.0,6.0,411.0,,,,93.0
2022-09-11,9.3,8.9,9.4,9.4,9.3,9.5,8.9,9.3,9.1,9.0,9.0,,,,,,,,,,,,"3,252","6,504",5.2,4,697,297,30,5,"1,611",12:39AM,7:30AM,379.0,32.0,1.0,411.0,,,,144.0
2022-09-12,8.0,,7.5,,,,,9.8,,,,,,,,,,,,,,,"4,014","14,515",11.54,44,728,260,81,62,"2,453",1:22AM,6:31AM,294.0,15.0,1.0,309.0,,,,59.0
2022-09-13,8.5,,,,,,,9.2,,,,,,,,,,,,,,,"4,138","15,570",12.42,22,603,320,55,55,"2,568",11:57PM,6:44AM,341.0,66.0,15.0,407.0,83.0,192.0,66.0,61.0
2022-09-14,,8.8,,,,,9.3,,,,,,,,,,,,,,,,"4,381","17,978",14.22,29,566,417,80,44,"3,008",2:38AM,8:11AM,294.0,39.0,20.0,333.0,51.0,175.0,68.0,54.0
2022-09-15,9.5,9.5,9.0,9.8,9.6,10.0,9.0,,9.3,,,,,,,,,,,,,,"3,932","16,129",12.99,23,614,389,45,44,"2,506",12:58AM,6:46AM,305.0,43.0,22.0,348.0,57.0,167.0,81.0,99.0
2022-09-16,9.3,8.5,8.5,9.5,8.5,9.6,8.3,9.8,9.5,,,,,,,,,,,,,,"3,261","11,664",9.25,12,966,222,14,19,"1,442",3:08AM,6:47AM,215.0,4.0,1.0,219.0,,,,86.0
2022-09-17,9.3,8.0,7.0,8.8,7.0,9.6,8.7,9.2,9.4,9.0,9.5,,,,,,,,,,,,"3,470","14,268",11.28,24,"1,116",273,8,43,"1,825",,,,,,,,,,
2022-09-18,9.1,8.8,,,7.0,,,9.6,,,,,,,,,,,,,,,"4,727","31,187",24.92,20,783,380,150,63,"3,418",2:48AM,3:52AM,61.0,3.0,1.0,64.0,,,,50.0
2022-09-19,9.2,,,,,,,9.5,,,,,,,,,,,,,,,"3,190","13,380",10.75,13,"1,111",191,50,23,"1,529",2:50AM,3:55AM,60.0,5.0,0.0,65.0,,,,56.0
2022-09-20,8.9,9.4,,8.8,9.0,9.0,,8.5,9.3,7.9,8.0,,,,,,,,,,,,"3,826","11,361",9.04,13,628,310,42,22,"2,011",2:28AM,9:46AM,395.0,43.0,19.0,438.0,103.0,216.0,76.0,69.0
2022-09-21,9.9,9.8,9.3,10.0,9.3,10.0,9.9,10.0,9.8,,10.0,,,,,,,,,,,,"4,476","16,319",13.05,29,517,406,83,58,"3,111",12:37AM,6:53AM,333.0,43.0,12.0,376.0,102.0,168.0,63.0,58.0
2022-09-22,8.7,9.2,8.7,8.8,8.7,9.6,8.4,8.4,8.8,8.7,9.2,,,,,,,,,,,,"3,686","13,327",10.53,12,654,366,63,8,"2,178",4:19AM,10:08AM,317.0,32.0,20.0,349.0,86.0,178.0,53.0,45.0
2022-09-23,8.8,9.2,8.8,9.5,9.3,9.6,9.0,8.4,,8.0,9.0,,,,,,,,,,,,"3,437","12,832",10.22,14,728,169,51,60,"1,737",1:45AM,8:57AM,395.0,37.0,16.0,432.0,131.0,210.0,54.0,65.0
2022-09-24,9.6,9.5,9.4,9.7,9.2,9.8,8.8,10.0,9.9,8.6,9.6,,,,,,,,,,,,"4,226","17,140",13.6,15,639,279,108,72,"2,816",3:30AM,9:13AM,302.0,40.0,21.0,342.0,56.0,185.0,61.0,165.0
2022-09-25,8.9,9.3,9.6,8.8,9.2,9.2,9.3,8.3,8.7,9.0,8.8,,,,,,,,,,,,"2,801","8,558",6.7,9,955,74,77,19,"1,061",5:30AM,10:45AM,308.0,7.0,0.0,315.0,,,,67.0
2022-09-26,9.0,9.7,9.3,9.5,9.3,9.7,8.9,9.5,9.0,8.8,9.0,,,,,,,,,,,,"3,590","11,000",8.8,20,836,148,27,89,"1,834",3:13AM,8:53AM,316.0,24.0,3.0,340.0,,,,100.0
2022-09-27,8.9,9.0,8.3,8.5,8.4,8.6,8.0,9.3,8.7,8.8,8.2,,,,,,,,,,,,"4,522","21,860",17.49,25,646,382,63,78,"3,113",1:27AM,5:58AM,237.0,34.0,18.0,271.0,29.0,180.0,28.0,80.0
2022-09-28,8.3,8.7,8.0,8.1,8.2,9.0,8.9,8.8,7.9,8.3,9.1,,,,,,,,,,,,"3,503","13,117",10.45,16,673,288,43,26,"1,899",12:56AM,7:21AM,339.0,46.0,17.0,385.0,104.0,170.0,65.0,74.0
2022-09-29,9.1,9.0,9.5,9.5,9.1,9.0,9.3,8.9,9.5,9.0,8.7,,,,,,,,,,,,"3,322","9,500",7.56,8,720,208,51,42,"1,685",11:35PM,6:59AM,394.0,50.0,2.0,444.0,,,,87.0
2022-09-30,8.7,8.6,8.8,9.3,9.0,8.8,8.0,9.3,8.2,8.1,8.0,,,,,,,,,,,,"1,921",0,0.0,0,"1,440",0,0,0,0,,,,,,,,,,65.0
2022-10-01,9.2,9.4,9.5,9.3,8.9,9.5,9.0,9.1,9.3,9.0,9.3,,,,,,,,,,,,"3,159","11,965",9.55,9,748,206,37,31,"1,482",12:43AM,7:42AM,391.0,27.0,21.0,418.0,99.0,201.0,91.0,158.0
2022-10-02,8.3,8.2,8.0,8.0,8.4,9.0,8.5,8.5,7.9,9.3,8.0,,,,,,,,,,,,"2,975","8,901",7.12,13,779,226,12,14,"1,260",12:48AM,7:37AM,372.0,37.0,14.0,409.0,93.0,212.0,67.0,103.0
2022-10-03,8.9,9.7,8.9,9.3,8.6,9.5,9.0,8.0,8.5,7.5,9.5,,,,,,,,,,,,"3,660","13,004",10.53,14,752,299,24,39,"2,015",1:17AM,6:43AM,283.0,43.0,15.0,326.0,57.0,192.0,34.0,83.0
2022-10-04,8.8,8.5,8.7,9.0,9.0,8.0,8.8,9.0,9.3,9.4,8.0,,,,,,,,,,,,"3,780","12,915",10.27,17,622,229,78,48,"2,123",11:21PM,6:44AM,384.0,59.0,24.0,443.0,90.0,219.0,75.0,55.0
2022-10-05,9.5,9.2,9.5,9.7,9.3,9.5,9.2,9.4,9.7,9.0,8.6,,,,,,,,,,,,"3,525","14,711",11.71,21,609,305,35,37,"1,986",11:39PM,7:34AM,439.0,36.0,1.0,475.0,,,,70.0
2022-10-06,8.3,9.4,8.8,8.0,8.0,8.6,8.5,8.1,8.0,7.8,8.0,,,,,,,,,,,,"3,613","13,924",11.05,19,792,330,27,37,"2,036",5:47AM,10:01AM,251.0,3.0,1.0,254.0,,,,73.0
2022-10-07,9.5,9.4,9.1,9.6,8.9,9.0,9.3,9.4,9.2,8.0,9.0,,,,,,,,,,,,"4,347","16,475",12.87,20,640,301,104,73,"2,905",2:41AM,8:03AM,291.0,31.0,10.0,322.0,78.0,179.0,34.0,115.0
2022-10-08,8.3,8.3,8.8,8.8,8.6,9.0,9.0,8.4,8.0,7.0,8.4,,,,,,,,,,,,"2,357","3,018",2.41,0,"1,273",42,23,16,499,4:05AM,5:31AM,85.0,1.0,0.0,86.0,,,,77.0
2022-10-09,9.4,9.5,9.5,9.6,9.4,9.6,9.8,9.5,8.9,,9.5,,,,,,,,,,,,"3,646","15,122",12.19,4,758,191,76,61,"1,983",12:40AM,6:34AM,346.0,7.0,1.0,354.0,,,,104.0
2022-10-10,9.0,9.4,9.0,9.0,9.2,8.7,9.4,9.3,9.0,8.6,8.9,,,,,,,,,,,,"4,649","19,915",15.93,27,567,301,122,102,"3,296",1:10AM,6:58AM,333.0,12.0,3.0,348.0,,,,146.0
2022-10-11,8.7,8.9,9.0,9.1,8.0,9.5,,8.1,8.4,7.0,9.4,,,,,,,,,,,,"4,007","16,919",13.5,16,694,210,119,69,"2,444",12:37AM,6:25AM,316.0,32.0,17.0,348.0,53.0,236.0,27.0,80.0
2022-10-12,8.8,8.8,9.0,9.0,8.3,,8.4,8.9,8.0,8.6,8.6,,,,,,,,,,,,"3,664","12,193",9.73,17,687,382,34,11,"2,155",1:53AM,7:19AM,295.0,31.0,14.0,326.0,77.0,175.0,43.0,71.0
2022-10-13,8.6,,,,8.2,,,,,,,,,,,,,,,,,,"4,101","15,559",12.45,24,605,342,73,59,"2,661",12:57AM,6:58AM,326.0,35.0,18.0,361.0,91.0,158.0,77.0,123.0
2022-10-14,8.8,9.6,8.5,9.0,8.5,8.4,8.9,8.6,,,9.0,,,,,,,,,,,,"3,463","12,957",10.28,22,761,278,35,9,"1,818",1:31AM,7:28AM,313.0,44.0,14.0,357.0,67.0,187.0,59.0,122.0
2022-10-15,8.4,8.9,8.1,8.0,8.2,,8.7,,8.6,9.3,9.0,,,,,,,,,,,,"2,856","7,986",6.36,9,835,127,5,48,"1,093",1:19AM,8:24AM,408.0,17.0,2.0,425.0,,,,151.0
2022-10-16,9.0,9.2,9.6,9.0,8.6,9.8,8.8,8.5,8.9,9.3,9.6,,,,,,,,,,,,"3,592","12,471",9.98,6,767,213,49,59,"1,926",3:07AM,8:59AM,339.0,13.0,3.0,352.0,,,,162.0
2022-10-17,9.4,,,,,,,9.0,,,9.7,,,,,,,,,,,,"3,654","12,215",9.67,15,640,375,14,8,"2,088",1:50AM,8:33AM,359.0,44.0,25.0,403.0,69.0,246.0,44.0,101.0
2022-10-18,9.1,9.5,9.1,9.3,9.3,9.5,8.8,9.3,9.0,9.0,9.5,,,,,,,,,,,,"3,561","11,313",9.05,15,744,281,55,24,"1,904",4:26AM,10:02AM,333.0,3.0,0.0,336.0,,,,39.0
2022-10-19,8.5,9.6,8.3,9.0,9.0,8.0,8.5,8.2,9.4,8.0,9.0,,,,,,,,,,,,"3,675","11,105",8.86,23,686,348,38,15,"2,115",12:54AM,6:47AM,307.0,46.0,13.0,353.0,70.0,187.0,50.0,82.0
2022-10-20,8.7,8.4,8.0,8.7,8.5,8.8,8.7,9.3,8.9,,8.8,,,,,,,,,,,,"3,582","11,900",9.51,23,608,294,40,26,"1,935",11:46PM,7:38AM,411.0,61.0,19.0,472.0,107.0,254.0,50.0,
2022-10-21,,,,,,,,,,,,,,,,,,,,,,,"3,607","14,248",11.4,11,755,316,29,28,"1,965",11:44PM,4:56AM,286.0,26.0,17.0,312.0,64.0,167.0,55.0,40.0
2022-10-22,8.8,8.4,8.2,9.0,8.9,,8.5,9.5,9.0,8.4,8.0,,,,,,,,,,,,"3,224","10,070",8.06,11,721,180,27,49,"1,452",12:19AM,8:02AM,391.0,72.0,20.0,463.0,110.0,218.0,63.0,93.0
2022-10-23,9.6,9.7,9.2,9.7,8.4,9.8,9.4,9.6,9.0,9.0,9.5,9.4,,,,,,,,,,,"2,917","7,128",5.7,0,890,200,32,9,"1,188",12:22AM,5:31AM,268.0,41.0,14.0,309.0,63.0,189.0,16.0,215.0
2022-10-24,9.0,8.7,7.8,8.7,7.4,8.0,8.4,9.2,7.7,,8.7,8.0,,,,,,,,,,,"4,062","17,027",13.62,21,625,340,62,40,"2,517",12:16AM,6:30AM,327.0,46.0,16.0,373.0,86.0,230.0,11.0,71.0
2022-10-25,8.6,9.0,8.8,8.1,8.8,8.5,9.0,8.0,7.9,,9.3,9.3,,,,,,,,,,,"4,353","18,627",14.9,23,480,456,46,37,"2,967",1:33AM,8:35AM,372.0,49.0,19.0,421.0,70.0,209.0,93.0,91.0
2022-10-26,7.6,8.6,8.0,,8.3,,8.0,,8.0,,,,,,,,,,,,,,"3,798","18,768",14.98,17,653,251,52,56,"2,161",12:17AM,7:26AM,386.0,42.0,17.0,428.0,88.0,224.0,74.0,89.0
2022-10-27,9.3,9.8,9.4,9.6,9.5,9.2,9.7,9.0,9.2,,8.9,9.0,,,,,,,,,,,"4,361","15,447",12.41,25,515,392,93,42,"2,994",1:20AM,7:58AM,379.0,19.0,0.0,398.0,,,,132.0
2022-10-28,8.5,8.9,8.7,8.6,8.9,8.7,8.8,8.2,8.5,,9.0,8.8,,,,,,,,,,,"3,573","15,257",12.21,18,660,362,20,12,"2,014",1:31AM,7:57AM,325.0,61.0,16.0,386.0,55.0,233.0,37.0,90.0
2022-10-29,,,,,,,,,,,,,,,,,,,,,,,"2,925","9,079",7.26,4,837,151,26,45,"1,212",1:34AM,7:56AM,337.0,44.0,16.0,381.0,89.0,213.0,35.0,124.0
2022-10-30,8.8,,,,,,,,,,,,,,,,,,,,,,"1,921",0,0.0,0,"1,440",0,0,0,0,,,,,,,,,,136.0
2022-10-31,8.5,8.7,7.5,,7.9,8.0,7.9,,,,,7.9,,,,,,,,,,,"2,667","15,230",12.13,16,"1,440",0,0,0,0,,,,,,,,,,113.0
2022-11-01,8.8,9.2,8.9,,8.0,9.0,9.4,8.7,7.8,,9.0,,,,,,,,,,,,"3,014","11,255",9.16,14,"1,440",0,0,0,0,,,,,,,,,,121.0
2022-11-02,9.2,9.5,9.3,,,,9.5,,,,,,,,,,,,,,,,"3,367","15,863",12.69,28,"1,440",0,0,0,0,,,,,,,,,,209.0
2022-11-03,9.5,9.8,9.7,9.3,9.7,9.8,9.7,9.4,9.4,8.6,9.6,8.9,,,,,,,,,,,"3,239","13,978",11.18,18,"1,113",278,23,26,"1,683",,,,,,,,,,265.0
2022-11-04,9.0,9.2,9.3,9.3,9.1,9.7,9.4,9.0,9.7,8.1,8.7,8.3,,,,,,,,,,,"3,289","14,649",11.72,15,719,274,10,33,"1,730",12:05AM,6:49AM,364.0,40.0,1.0,404.0,,,,141.0
2022-11-05,9.4,8.7,8.5,9.5,9.0,8.8,8.0,9.7,9.3,7.0,8.8,8.2,,,,,,,,,,,"3,476","17,390",14.1,17,750,281,22,53,"1,976",3:24AM,8:58AM,328.0,6.0,0.0,334.0,,,,75.0
2022-11-06,9.3,9.1,9.5,9.3,9.5,9.0,9.2,9.4,9.1,8.8,9.4,8.9,,,,,,,,,,,"3,140","12,501",10.0,14,655,250,10,24,"1,477",1:22AM,7:38AM,358.0,18.0,0.0,376.0,,,,51.0
2022-11-07,9.9,9.6,9.8,10.0,9.0,10.0,8.9,10.0,9.8,9.3,9.0,9.6,,,,,,,,,,,"3,819","21,890",17.48,33,619,343,40,56,"2,440",1:41AM,8:03AM,364.0,18.0,0.0,382.0,,,,73.0
2022-11-08,9.1,9.6,9.7,9.1,9.4,,9.3,9.1,9.0,,,9.3,,,,,,,,,,,"2,744","7,974",6.38,11,999,54,0,0,223,3:35AM,10:02AM,378.0,9.0,0.0,387.0,,,,57.0
2022-11-09,9.7,9.3,9.0,9.8,9.7,9.6,9.4,9.9,9.8,,9.6,,,,,,,,,,,,"3,221","13,214",10.6,15,"1,440",0,0,0,0,,,,,,,,,,144.0
2022-11-10,8.6,9.3,8.2,8.6,8.0,8.7,9.0,8.7,8.4,,9.0,9.0,,,,,,,,,,,"3,552","16,392",13.26,18,"1,440",0,0,0,0,,,,,,,,,,65.0
2022-11-11,9.4,9.0,9.0,9.7,9.6,9.0,8.9,9.7,9.8,,9.4,,,,,,,,,,,,"3,039","11,459",9.17,9,"1,440",0,0,0,0,,,,,,,,,,87.0
2022-11-12,8.9,9.6,8.9,9.5,9.7,9.8,9.6,8.7,9.5,7.9,9.0,,,,,,,,,,,,"3,093","12,880",10.26,12,"1,440",0,0,0,0,,,,,,,,,,61.0
2022-11-13,8.6,8.2,8.6,8.4,9.0,8.7,8.6,8.2,8.4,9.0,8.7,8.8,,,,,,,,,,,"2,694","6,478",5.19,8,"1,440",0,0,0,0,,,,,,,,,,28.0
2022-11-14,9.2,9.7,,9.6,9.3,9.0,9.0,9.5,9.6,9.3,9.0,8.9,,,,,,,,,,,"2,943","10,415",8.33,11,"1,440",0,0,0,0,,,,,,,,,,54.0
2022-11-15,8.7,9.0,9.0,9.0,9.5,8.8,9.4,8.5,9.5,8.3,8.9,8.4,,,,,,,,,,,"3,468","16,088",12.86,28,"1,440",0,0,0,0,,,,,,,,,,91.0
2022-11-16,8.8,9.5,8.3,8.7,8.7,9.0,9.3,8.8,8.6,8.3,9.4,8.6,,,,,,,,,,,"3,165","12,874",10.27,31,"1,440",0,0,0,0,,,,,,,,,,48.0
2022-11-17,8.9,9.3,8.0,9.0,9.3,8.7,7.0,9.3,9.5,7.6,8.2,8.3,,,,,,,,,,,"2,830","10,960",8.79,17,"1,440",0,0,0,0,,,,,,,,,,35.0
2022-11-18,9.6,9.8,9.7,9.7,9.0,9.9,9.6,9.5,9.6,9.0,9.7,9.0,,,,,,,,,,,"1,921","5,793",4.63,5,"1,440",0,0,0,0,,,,,,,,,,90.0
2022-11-20,9.4,9.0,8.6,9.3,9.6,9.1,9.1,9.4,9.8,9.3,9.5,10.0,,,,,,,,,,,"3,091","10,669",8.54,15,"1,440",0,0,0,0,,,,,,,,,,130.0
2022-11-21,9.0,9.1,8.9,9.4,9.2,9.5,9.3,8.7,9.3,8.7,9.0,9.0,,,,,,,,,,,"2,866","9,954",8.03,14,817,177,8,26,"1,169",2:38AM,9:31AM,391.0,21.0,1.0,412.0,,,,75.0
2022-11-22,9.1,9.2,8.0,8.8,8.3,8.7,9.5,9.8,9.5,8.0,9.0,9.0,,,,,,,,,,,"3,576","16,407",13.31,15,745,463,4,0,"2,216",12:43AM,4:31AM,219.0,9.0,1.0,228.0,,,,
2022-11-23,9.0,9.4,8.8,9.1,9.0,9.5,9.3,9.3,9.2,,,7.7,,,,,,,,,,,"2,893","9,920",7.94,16,834,217,5,17,"1,232",12:24AM,6:31AM,339.0,28.0,2.0,367.0,,,,9.0
2022-11-24,8.9,9.2,9.4,9.0,8.8,9.5,9.4,8.3,9.0,8.2,9.4,8.5,,,,,,,,,,,"3,595","17,618",14.36,15,662,408,2,19,"2,203",1:44AM,7:33AM,336.0,13.0,0.0,349.0,,,,101.0
2022-11-25,8.9,9.0,8.7,9.0,8.6,8.8,9.4,8.7,8.0,8.0,8.9,9.0,,,,,,,,,,,"3,497","18,823",15.06,31,"1,114",208,38,80,"1,971",,,,,,,,,,88.0
2022-11-26,8.7,9.2,8.4,8.8,8.8,9.1,8.4,8.9,9.3,7.8,8.9,8.7,,,,,,,,,,,"2,474","4,987",3.95,5,904,168,0,0,747,2:09AM,8:17AM,359.0,5.0,0.0,368.0,,,,54.0
2022-11-27,8.3,8.6,8.8,8.2,8.5,9.4,9.0,7.8,8.0,8.0,8.8,8.2,,,,,,,,,,,"2,678","7,195",5.77,5,957,155,12,10,866,3:07AM,8:14AM,292.0,14.0,1.0,306.0,,,,109.0
2022-11-28,9.5,9.7,9.0,9.0,9.1,9.4,9.3,9.7,9.3,8.5,9.0,9.2,,,,,,,,,,,"2,987","11,320",9.06,14,"1,440",0,0,0,0,,,,,,,,,,120.0
2022-11-29,8.6,9.0,8.9,8.4,8.4,9.4,,8.6,8.0,8.8,9.7,8.9,,,,,,,,,,,"3,548","17,151",13.81,31,"1,440",0,0,0,0,,,,,,,,,,124.0
2022-11-30,9.1,9.4,9.3,9.4,9.1,9.5,9.4,9.0,9.0,8.3,8.9,8.7,,,,,,,,,,,"3,020","11,882",9.51,9,"1,440",0,0,0,0,,,,,,,,,,166.0
2022-12-01,8.7,8.9,8.4,8.9,8.3,9.2,8.6,8.8,8.8,,8.0,8.7,,,,,,,,,,,"3,407","17,777",14.17,25,"1,440",0,0,0,0,,,,,,,,,,105.0
2022-12-02,8.4,8.9,8.0,8.5,8.0,8.0,8.7,8.5,8.1,8.0,8.7,7.8,,,,,,,,,,,"2,867","9,848",7.79,17,"1,440",0,0,0,0,,,,,,,,,,92.0
2022-12-03,8.3,9.0,8.9,8.0,8.6,9.0,8.0,7.5,8.6,7.0,8.3,7.6,,,,,,,,,,,"2,706","9,274",7.46,2,"1,440",0,0,0,0,,,,,,,,,,88.0
2022-12-04,9.0,9.2,8.7,9.1,8.8,8.7,8.8,9.0,9.0,8.0,8.2,8.6,,,,,,,,,,,"2,475","4,990",3.99,2,"1,440",0,0,0,0,,,,,,,,,,131.0
2022-12-05,8.9,,,,,,,9.1,,,,,,,,,,,,,,,"3,084","12,712",10.1,25,"1,440",0,0,0,0,,,,,,,,,,71.0
2022-12-06,9.0,9.0,9.1,8.6,9.4,9.5,9.4,8.9,8.6,8.5,9.0,8.8,,,,,,,,,,,"3,210","13,142",10.56,30,"1,440",0,0,0,0,,,,,,,,,,171.0
2022-12-07,9.2,9.6,8.9,9.0,9.0,9.7,9.4,9.0,9.0,8.0,9.5,8.7,,,,,,,,,,,"1,964",289,0.23,0,"1,440",0,0,0,0,,,,,,,,,,95.0
2022-12-08,9.0,9.3,9.0,8.4,7.6,9.7,9.2,9.0,8.9,7.7,9.0,8.0,,,,,,,,,,,"2,455","5,765",4.59,9,"1,440",0,0,0,0,,,,,,,,,,139.0
2022-12-09,9.3,9.6,,9.5,,,9.5,,,,9.3,,,,,,,,,,,,"2,707","8,067",6.45,12,"1,440",0,0,0,0,,,,,,,,,,137.0
2022-12-10,9.2,9.3,9.6,9.4,9.7,9.9,9.6,9.0,9.7,9.0,9.7,9.4,,,,,,,,,,,"2,649","7,239",5.79,7,"1,440",0,0,0,0,,,,,,,,,,164.0
2022-12-11,9.4,9.7,9.3,9.0,9.6,9.4,9.3,9.0,9.2,9.2,9.0,9.8,,,,,,,,,,,"2,466","4,350",3.47,4,"1,440",0,0,0,0,,,,,,,,,,158.0
2022-12-12,8.6,9.3,8.7,8.7,8.0,9.3,8.6,8.3,8.1,7.8,8.8,8.5,,,,,,,,,,,"3,339","14,853",11.92,20,"1,440",0,0,0,0,,,,,,,,,,162.0
2022-12-13,8.9,9.1,9.0,8.8,9.2,,9.3,8.9,,9.0,,9.3,,,,,,,,,,,"3,001","10,969",8.78,14,"1,440",0,0,0,0,,,,,,,,,,69.0
2022-12-14,8.8,9.3,8.7,8.7,9.0,8.7,9.0,8.9,8.8,8.6,9.0,8.7,,,,,,,,,,,"2,945","10,378",8.26,14,"1,440",0,0,0,0,,,,,,,,,,31.0
2022-12-15,8.7,9.1,8.3,,8.8,,9.0,,,8.0,9.0,9.5,,,,,,,,,,,"3,099","11,649",9.32,10,"1,440",0,0,0,0,,,,,,,,,,146.0
2022-12-16,8.6,,,,,,,,,,,,,,,,,,,,,,"2,661","7,843",6.3,7,"1,440",0,0,0,0,,,,,,,,,,105.0
2022-12-17,8.5,,,,,,,,,,,,,,,,,,,,,,"1,977",323,0.26,0,"1,440",0,0,0,0,,,,,,,,,,39.0
2022-12-18,8.8,,,,,,,9.0,,,,,,,,,,,,,,,"2,152","2,389",1.97,6,777,58,0,0,281,1:10PM,2:55PM,100.0,5.0,1.0,105.0,,,,95.0
2022-12-18,8.8,,,,,,,9.0,,,,,,,,,,,,,,,"2,152","2,389",1.97,6,777,58,0,0,281,1:16AM,9:36AM,479.0,21.0,2.0,500.0,,,,95.0
2022-12-19,8.9,9.5,,,,,,9.0,,,7.4,7.0,,,,,,,,,,,"1,922",0,0.0,0,"1,440",0,0,0,0,,,,,,,,,,141.0
2022-12-20,,,,,,,,,,,,,,,,,,,,,,,"1,921",0,0.0,0,"1,440",0,0,0,0,,,,,,,,,,76.0
2022-12-21,9.7,9.2,8.8,9.8,8.0,9.2,9.7,9.9,9.0,,9.4,8.7,,,,,,,,,,,"1,921",0,0.0,0,"1,440",0,0,0,0,,,,,,,,,,128.0
2022-12-22,8.7,8.9,9.0,8.4,8.8,9.0,9.1,9.0,8.0,,8.7,8.6,,,,,,,,,,,"1,921",0,0.0,0,"1,045",0,0,0,0,,,,,,,,,,42.0
2022-12-23,9.0,9.0,9.2,9.2,8.8,8.4,9.1,9.5,9.2,,8.9,7.8,,,,,,,,,,,"3,324","12,782",10.32,10,710,419,8,6,"1,918",5:25PM,4:57AM,654.0,38.0,3.0,692.0,,,,61.0
2022-12-24,9.0,9.2,9.0,9.0,8.0,8.9,9.4,8.7,8.7,8.4,9.0,,,,,,,,,,,,"2,024",592,0.47,0,"1,124",41,0,0,151,12:57AM,5:32AM,249.0,26.0,8.0,275.0,,,,18.0
2022-12-25,9.5,9.8,9.2,9.6,9.5,9.3,9.4,9.4,9.3,5.0,9.3,9.3,,,,,,,,,,,"1,921",0,0.0,0,"1,440",0,0,0,0,,,,,,,,,,
2022-12-26,8.7,9.5,8.6,8.6,9.0,9.0,9.0,8.9,9.0,7.9,,8.0,,,,,,,,,,,"3,111","12,371",9.87,8,787,239,8,49,"1,526",1:21AM,7:19AM,334.0,23.0,2.0,357.0,,,,21.0
2022-12-27,8.7,9.0,8.7,9.2,9.0,9.4,8.7,9.5,9.2,8.0,8.0,8.2,,,,,,,,,,,"3,223","13,762",10.95,11,602,315,11,10,"1,717",1:07AM,9:29AM,462.0,37.0,0.0,502.0,,,,84.0
2022-12-28,9.5,9.3,9.7,9.6,8.9,9.4,9.6,9.7,9.6,8.0,8.8,8.8,,,,,,,,,,,"1,921",0,0.0,0,"1,440",0,0,0,0,,,,,,,,,,140.0
2022-12-29,9.3,9.1,,,,,,9.4,,,,,,,,,,,,,,,"1,921",0,0.0,0,"1,440",0,0,0,0,,,,,,,,,,99.0
2022-12-30,9.0,9.0,9.0,8.5,8.8,9.0,9.1,9.2,8.3,,8.5,7.9,,,,,,,,,,,"1,921",0,0.0,0,"1,440",0,0,0,0,,,,,,,,,,81.0
2022-12-31,9.7,9.8,9.7,9.6,9.0,,9.5,9.9,9.0,,,,,,,,,,,,,,"1,921",0,0.0,0,"1,440",0,0,0,0,,,,,,,,,,54.0
